"""Adrenocortical reserves in hyperthyroidism. Explicit data regarding the changes in adrenocortical reserves during hyperthyroidism do not exist. We aimed to document the capability (response) of adrenal gland to secrete cortisol and DHEA-S during hyperthyroidism compared to euthyroidism, and to describe factors associated with these responses. A standard-dose (0.25 mg/i.v.) ACTH stimulation test was performed to the same patients before hyperthyroidism treatment, and after attainment of euthyroidism. Baseline cortisol (Cor0), DHEA-S (DHEA-S0), cortisol binding globulin (CBG), ACTH, calculated free cortisol (by Coolen's equation = CFC), free cortisol index (FCI), 60-min cortisol (Cor60), and DHEA-S (DHEA-S60), delta cortisol (ΔCor), delta DHEA-S (ΔDHEA-S) responses were evaluated. Forty-one patients [22 females, 49.5 ± 15.2 years old, 32 Graves disease, nine toxic nodular goiter] had similar Cor0, DHEA-S0, CFC, FCI, and DHEA-S60 in hyperthyroid and euthyroid states. Cor60, ΔCor, and ΔDHEA-S were lower in hyperthyroidism. In four (10 %) patients the peak ACTH-stimulated cortisol values were lower than 18 μg/dL. When the test repeated after attainment of euthyroidism, all of the patients had normal cortisol response. Regression analysis demonstrated an independent association of Cor60 with free T3 in hyperthyroidism. However, the predictors of CFC, FCI, and DHEA-S levels were serum creatinine levels in hyperthyroidism, and both creatinine and transaminase levels in euthyroidism. ACTH-stimulated peak cortisol, delta cortisol, and delta DHEA-S levels are decreased during hyperthyroidism, probably due to increased turnover. Since about 10 % of the subjects with hyperthyroidism are at risk for adrenal insufficiency, clinicians dealing with Graves' disease should be alert to the possibility of adrenal insufficiency during hyperthyroid stage.""",Adrenocortical: biological process; hyperthyroidism: medical condition; adrenal: anatomical structure; cortisol: hormone; DHEA-S: hormone; euthyroidism: medical condition; ACTH: hormone; Gravesdisease: medical condition; toxicnodulargoiter: medical condition; freeT3: hormone; creatinine: chemical compound; transaminase: enzyme; adrenalinsufficiency: medical condition; clinicians: profession
"""Decreased serum concentrations of 25-hydroxycholecalciferol are associated with increased risk of progression to impaired fasting glucose and diabetes. OBJECTIVE To study the association between vitamin D status and the risk of incident impaired fasting glucose (IFG) and diabetes in a population-based cohort of diabetes-free subjects. RESEARCH DESIGN AND METHODS In a historical prospective cohort study of subjects from the Clalit Health Services database, which includes information on nearly 4 million people, diabetes-free subjects aged 40-70 years with serum 25-hydroxycholecalciferol (25-OHD) measurements available were followed for 2 years to assess the development of IFG and diabetes in five 25-OHD subgroups: ≥25, 25.1-37.5, 37.6-50, 50.1-75, and >75 nmol/L. RESULTS The baseline cohort included 117,960 adults: 83,526 normoglycemic subjects and 34,434 subjects with IFG. During follow-up, 8,629 subjects (10.3% of the normoglycemic group) developed IFG, and 2,162 subjects (1.8% of the total cohort) progressed to diabetes. A multivariable model adjusted for age, sex, population group, immigrant status, BMI, season of vitamin D measurement, LDL and HDL cholesterol, triglycerides, estimated glomerular filtration rate, history of hypertension or cardiovascular disease, Charlson comorbidity index, smoking, and socioeconomic status revealed an inverse association between 25-OHD and the risk of progression to IFG and diabetes. The odds of transitioning from normoglycemia to IFG, from normoglycemia to diabetes, and from IFG to diabetes in subjects with a 25-OHD level ≤25 nmol/L were greater than those of subjects with a 25-OHD level >75 nmol/L [odds ratio 1.13 (95% CI 1.03-1.24), 1.77 (1.11-2.83), and 1.43 (1.16-1.76), respectively]. CONCLUSIONS Vitamin D deficiency appears to be an independent risk factor for the development of IFG and diabetes.""",serum: biological substance; 25-hydroxycholecalciferol: chemical compound; risk: abstract concept; progression: abstract concept; impaired: none; fasting: none; glucose: chemical compound; diabetes: medical condition; vitaminD: chemical compound; status: none; population-based: none; cohort: research study; ClalitHealthServices: organization; database: information system; subjects: demographic group; years: time period; measurements: scientific process; development: abstract concept; subgroups: demographic group; nmol/L: measurement unit; baseline: none; cohort: research study; adults: demographic group; normoglycemic: medical condition; follow-up: research process; multivariable: none; model: scientific model; age: demographic attribute; sex: demographic attribute; population: demographic group; group: demographic group; immigrant: demographic group; status: none; BMI: health metric; season: time period; LDL: chemical compound; HDL: chemical compound; cholesterol: chemical compound; triglycerides: chemical compound; estimated: none; glomerular: none; filtration: biological process; rate: none; history: none; hypertension: medical condition; cardiovascular: none; disease: medical condition; Charlson: none; comorbidity: medical condition; index: measurement tool; smoking: behavior; socioeconomic: none; odds: statistical measure; transitioning: none; normoglycemia: medical condition; oddsratio: statistical measure; CI: statistical measure; CONCLUSIONS: none; deficiency: medical condition; factor: none
"""Pharmacokinetic Interactions between Monoamine Oxidase A Inhibitor Harmaline and 5-Methoxy-N,N-Dimethyltryptamine, and the Impact of CYP2D6 Status. 5-Methoxy-N,N-dimethyltryptamine (5-MeO-DMT or street name """"5-MEO"""") is a newer designer drug belonging to a group of naturally occurring indolealkylamines. Our recent study has demonstrated that coadministration of monoamine oxidase A (MAO-A) inhibitor harmaline (5 mg/kg) increases systemic exposure to 5-MeO-DMT (2 mg/kg) and active metabolite bufotenine. This study is aimed at delineating harmaline and 5-MeO-DMT pharmacokinetic (PK) interactions at multiple dose levels, as well as the impact of CYP2D6 that affects harmaline PK and determines 5-MeO-DMT O-demethylation to produce bufotenine. Our data revealed that inhibition of MAO-A-mediated metabolic elimination by harmaline (2, 5, and 15 mg/kg) led to a sharp increase in systemic and cerebral exposure to 5-MeO-DMT (2 and 10 mg/kg) at all dose combinations. A more pronounced effect on 5-MeO-DMT PK was associated with greater exposure to harmaline in wild-type mice than CYP2D6-humanized (Tg-CYP2D6) mice. Harmaline (5 mg/kg) also increased blood and brain bufotenine concentrations that were generally higher in Tg-CYP2D6 mice. Surprisingly, greater harmaline dose (15 mg/kg) reduced bufotenine levels. The in vivo inhibitory effect of harmaline on CYP2D6-catalyzed bufotenine formation was confirmed by in vitro study using purified CYP2D6. Given these findings, a unified PK model including the inhibition of MAO-A- and CYP2D6-catalyzed 5-MeO-DMT metabolism by harmaline was developed to describe blood harmaline, 5-MeO-DMT, and bufotenine PK profiles in both wild-type and Tg-CYP2D6 mouse models. This PK model may be further employed to predict harmaline and 5-MeO-DMT PK interactions at various doses, define the impact of CYP2D6 status, and drive harmaline-5-MeO-DMT pharmacodynamics.""","PharmacokineticInteractions: scientific concept; MonoamineOxidaseAInhibitor: pharmaceutical compound; Harmaline: pharmaceutical compound; 5-Methoxy-N,N-Dimethyltryptamine: pharmaceutical compound; CYP2D6Status: genetic factor; 5-MeO-DMT: pharmaceutical compound; indolealkylamines: chemical group; monoamineoxidaseA: enzyme; MAO-A: enzyme; bufotenine: pharmaceutical compound; CYP2D6: enzyme; O-demethylation: biochemical process; wild-type: genetic variant; Tg-CYP2D6: genetic variant; CYP2D6-humanized: genetic variant; PKmodel: scientific model; pharmacodynamics: scientific concept"
"""L-proline accumulation and freeze tolerance of Saccharomyces cerevisiae are caused by a mutation in the PRO1 gene encoding gamma-glutamyl kinase. We previously isolated a mutant which showed a high tolerance to freezing that correlated with higher levels of intracellular L-proline derived from L-proline analogue-resistant mutants. The mutation responsible for the analogue resistance and L-proline accumulation was a single nuclear dominant mutation. By introducing the mutant-derived genomic library into a non-L-proline-utilizing strain, the mutant was found to carry an allele of the wild-type PRO1 gene encoding gamma-glutamyl kinase, which resulted in a single amino acid replacement; Asp (GAC) at position 154 was replaced by Asn (AAC). Interestingly, the allele of PRO1 was shown to enhance the activities of gamma-glutamyl kinase and gamma-glutamyl phosphate reductase, both of which catalyze the first two steps of L-proline synthesis from L-glutamate and which together may form a complex in vivo. When cultured in liquid minimal medium, yeast cells expressing the mutated gamma-glutamyl kinase were found to accumulate intracellular L-proline and showed a prominent increase in cell viability after freezing at -20 degrees C compared to the viability of cells harboring the wild-type PRO1 gene. These results suggest that the altered gamma-glutamyl kinase results in stabilization of the complex or has an indirect effect on gamma-glutamyl phosphate reductase activity, which leads to an increase in L-proline production in Saccharomyces cerevisiae. The approach described in this paper could be a practical method for breeding novel freeze-tolerant yeast strains.""",L-proline: chemical compound; Saccharomycescerevisiae: organism; PRO1: gene; gammaglutamylkinase: enzyme; mutant: genetic variant; allele: genetic variant; Asp: amino acid; Asn: amino acid; gammaglutamylphosphatereductase: enzyme; L-glutamate: chemical compound; yeast: organism; cells: biological structure; complex: biological structure; paper: scientific document; method: scientific process; strains: organism variant
"""Protective effect of cinnamon polyphenols against STZ-diabetic mice fed high-sugar, high-fat diet and its underlying mechanism. This study was designed to investigate the potential effects of 14days' intragastrically given of cinnamon polyphenols (CPS) in treating diabetic mice induced by intraperitoneal injection of streptozotocin (150mgkg(-1)) and fed high-sugar, high-fat diet. The diabetic mice model was successfully established through determining on fasting blood-glucose (FBG) test. As revealed by glucose oxidase (GOD) and radioimmunoassay (RIA), both dimethyldiguanide (DC, 0.6gkg(-1)d(-1)) and CPS (0.3, 0.6, 1.2gkg(-1)d(-1)) treatments significantly resulted in down-regulation of blood glucose and insulin levels in serum, while the levels of oxidative stress markers were markedly lowered through ELISA assay. Meanwhile, the pathological damage in islet with pancreatic beta cells was ameliorated by treatment of CPS at different doses, as shown in HE stain. At the same time, the treatments also caused notable reduction of iNOS, NF-κB expressions showing in Western blot analysis. These findings demonstrate that cinnamon polyphenols can exert the hypoglycemic and hypolipidemic effects through the mechanisms that may be associated with repairing pancreatic beta cells in diabetic mice and improving its anti-oxidative capacity, as well as attenuating cytotoxicity via inhibition of iNOS, NF-κB activation.""",cinnamonpolyphenols: chemical compound; STZ-diabeticmice: animal model; highsugarhighfatdiet: dietary regimen; CPS: chemical compound; streptozotocin: chemical compound; fastingbloodglucose: medical test; FBG: medical test; glucoseoxidase: enzyme; GOD: enzyme; radioimmunoassay: medical test; RIA: medical test; dimethyldiguanide: chemical compound; DC: chemical compound; ELISA: laboratory technique; HEstain: laboratory technique; iNOS: protein; NF-κB: protein; Westernblotanalysis: laboratory technique; pancreaticbetacells: cell type
"""CASK is a new intracellular modulator of P2X3 receptors. ATP-gated P2X3 receptors of sensory ganglion neurons are important transducers of painful stimuli and are modulated by extracellular algogenic substances, via changes in the receptor phosphorylation state. The present study investigated the role of calcium/calmodulin-dependent serine protein kinase CASK in interacting and controlling P2X3 receptor expression and function in mouse trigeminal ganglia. Most ganglion neurons in situ or in culture co-expressed P2X3 and CASK. CASK was immunoprecipitated with P2X3 receptors from trigeminal ganglia and from P2X3/CASK-cotransfected HEK cells. Recombinant P2X3/CASK expression in HEK cells increased serine phosphorylation of P2X3 receptors, typically associated with receptor upregulation. CASK deletion mutants also enhanced P2X3 subunit expression. After silencing CASK, cell surface P2X3 receptor expression was decreased, which is consistent with depressed P2X3 currents. The reduction of P2X3 expression levels was reversed by the proteasomal inhibitor MG-132. Moreover, neuronal CASK/P2X3 interaction was upregulated by NGF signaling and downregulated by P2X3 agonist-induced desensitization. These data suggest a novel interaction between CASK and P2X3 receptors with positive outcome for receptor stability and function. As CASK-mediated control of P2X3 receptors was dependent on the receptor activation state, CASK represents an intracellular gateway to regulate purinergic nociceptive signaling. This article is protected by copyright. All rights reserved.""",CASK: protein kinase; P2X3: receptor; ATP: molecule; P2X3receptors: receptor; sensoryganglionneurons: cell type; algogenicsubstances: chemical compound; calcium/calmodulin-dependentserineproteinkinase: protein kinase; mouse: organism; trigeminalganglia: anatomical structure; HEKcells: cell line; serinephosphorylation: biochemical process; MG-132: chemical compound; NGF: growth factor; purinergicnociceptivesignaling: biological process
"""Externalization of phosphatidylserine during apoptosis does not specifically require either isoform of phosphatidylserine synthase. Phosphatidylserine (PtdSer) is made in mammalian cells by two PtdSer synthases, PSS1 and PSS2. In the plasma membrane PtdSer is normally localized on the inner leaflet but undergoes transbilayer movement during apoptosis and becomes exposed on the cell surface. We induced apoptosis with staurosporine in four Chinese hamster ovary (CHO) cell lines that are deficient in PSS1 and/or PSS2 to determine if PtdSer generated by either of these enzymes is required for externalization on the cell surface during apoptosis. The onset of apoptosis was confirmed by the appearance of morphological changes and DNA fragmentation while the plasma membrane remained largely intact. In all cell lines, regardless of their content of PSS1 and/or PSS2, apoptosis occurred to approximately the same extent, and within approximately the same time frame, as in parental CHO-K1 cells. The exposure of PtdSer on the cell surface was assessed by annexin V labeling and flow cytometry. Cells that were deficient in either PSS1 or PSS2, as well as cells that were deficient in both PSS1 and PSS2, externalized normal amounts of PtdSer. Our study demonstrates, that reduction of in vitro serine-exchange activity, even by 97%, does not restrict the externalization of PtdSer during apoptosis. Moreover, a normal level of expression of PSS1 and/or PSS2 is not required for generating the pool of PtdSer externalized during apoptosis.""",phosphatidylserine: biochemical compound; apoptosis: biological process; phosphatidylserinesynthase: enzyme; PtdSer: biochemical compound; PSS1: enzyme; PSS2: enzyme; plasmamembrane: cellular structure; staurosporine: chemical compound; Chinesehamsterovary: cell line; CHO: cell line; annexinV: protein; flowcytometry: laboratory technique; DNAfragmentation: biological process; serine-exchangeactivity: biochemical process; CHO-K1: cell line
"""Effects of fenofibrate, a PPAR-α ligand, on the haemodynamics of glycerol-induced renal failure in rats. The modulating effect of peroxisome proliferator-activated receptor α ligand on haemodynamic effects of phenylepherine (PE), angiotensin II (AII), endothelin 1 (ET1), acetylcholine (Ach), sodium nitroprusside (SNP) and isoproterenol (ISO) were evaluated in glycerol-induced acute kidney injury in rats. The effect of PE on fenofibrate-treated animals was a dose-dependent increase in mean arterial blood pressure (MAP). For AII and ET1, MAP was also increased for the fenofibrate group but not in a dose-dependent fashion. On the medullary blood flow (MBF), while the lower doses of PE and AII increased the perfusion unit on the fenofibrate-treated group, the higher doses decreased the perfusion unit. The ET1 increased the perfusion unit on this group but not in dose-dependent fashion. The effects of PE and AII on the cortical blood flow (CBF) of fenofibrate-treated group is similar to that of MBF for the same group but not for ET1. The effect of Ach, SNP and ISO in all the groups was the decrease in MAP. ISO caused dose-dependent increase in MBF of fenofibrate-treated group. The effect of Ach, SNP and ISO on the CBF perfusion unit was that of the increase for the fenofibrate-treated group. The study showed that fenofibrate did not attenuate increased blood pressure induced by PE, AII and ET1 but caused enhanced vasodilation by Ach, SNP and ISO.""",fenofibrate: pharmaceutical compound; PPAR-α: protein receptor; glycerol-induced: none; renal: anatomical term; rats: animal species; peroxisome: cellular organelle; proliferator-activated: none; receptor: biological structure; phenylepherine: pharmaceutical compound; angiotensinII: peptide hormone; endothelin1: peptide hormone; acetylcholine: neurotransmitter; sodium: chemical element; nitroprusside: pharmaceutical compound; isoproterenol: pharmaceutical compound; acute: none; kidney: anatomical term; injury: medical condition; mean: none; arterial: anatomical term; blood: biological fluid; pressure: physical quantity; medullary: anatomical term; blood: biological fluid; flow: physical process; perfusion: physiological process; unit: none; cortical: anatomical term; vasodilation: physiological process
"""The influence of sex, ethnicity, and CYP2B6 genotype on bupropion metabolism as an index of hepatic CYP2B6 activity in humans. The effects of sex, ethnicity, and genetic polymorphism on hepatic CYP2B6 (cytochrome P450 2B6) expression and activity were previously demonstrated in vitro. Race/ethnic differences in CYP2B6 genotype and phenotype were observed only in women. To identify important covariates associated with interindividual variation in CYP2B6 activity in vivo, we evaluated these effects in healthy volunteers using bupropion (Wellbutrin SR GlaxoSmithKline, Research Triangle Park, NC) as a CYP2B6 probe substrate. A fixed 150-mg oral sustained-release dose of bupropion was administered to 100 healthy volunteers comprising four sex/ethnicity cohorts (n = 25 each): Caucasian men and Caucasian, African American, and Hispanic women. Blood samples were obtained at 0 and 6 hours postdose for the measurement of serum bupropion (BU) and hydroxybupropion (HB) concentrations. Whole blood was obtained at baseline for CYP2B6 genotyping. To characterize the relationship between CYP2B6 activity and ethnicity, sex, and genotype when accounting for serum BU concentrations (dose-adjusted log(10)-transformed), analysis of covariance model was fitted in which the dependent variable was CYP2B6 activity represented as the log(10)-transformed, metabolic ratio of HB to BU concentrations. Several CYP2B6 polymorphisms were associated with CYP2B6 activity. Evidence of dependence of CYP2B6 activity on ethnicity or genotype-by-ethnicity interactions was not detected in women. These results suggest that CYP2B6 genotype is the most important patient variable for predicting the level of CYP2B6 activity in women, when measured by the metabolism of bupropion. The bupropion metabolic ratio appears to detect known differences in CYP2B6 activity associated with genetic polymorphism, across different ethnic groups. Prospective studies will be needed to validate the use of bupropion as a probe substrate for clinical use.""",sex: biological characteristic; ethnicity: demographic characteristic; CYP2B6: enzyme; bupropion: pharmaceutical drug; WellbutrinSR: pharmaceutical brand; GlaxoSmithKline: pharmaceutical company; ResearchTrianglePark: geographical location; NC: geographical location; Caucasian: ethnic group; AfricanAmerican: ethnic group; Hispanic: ethnic group; BU: chemical compound; HB: chemical compound; genotyping: genetic process; polymorphisms: genetic variation; covariance: statistical method; metabolicratio: scientific measurement; women: demographic group; men: demographic group
"""Cyclooxygenase and 5-lipoxygenase inhibitors protect against mononuclear phagocyte neurotoxicity. Neuroinflammation and oxidative stress are believed to be contributing factors to neurodegeneration in normal aging, as well as in age-related neurological disorders. Reactive microglia are found in increased numbers in aging brain and are prominently associated with lesions in such age-related degenerative conditions as Alzheimer's disease (AD), Parkinson's disease (PD) and amyotrophic lateral sclerosis (ALS). In vitro, stimulated microglia or microglial-like cells secrete neurotoxic materials and are generators of free radicals through their respiratory burst system. Agents that suppress microglial activation are therefore candidates for neuroprotection. We have developed quantitative in vitro assays for measuring neurotoxicity of microglia or other mononuclear phagocytes. Neuronal like SH-SY5Y cells are cultured in supernatants from activated cells of the human monocytic THP-1 line and their survival is followed. Respiratory burst is directly measured on the activated cells. We tested inhibitors of the cyclooxygenase (COX) or the 5-lipoxygenase (5-LOX) pathways as possible neuroprotective agents. The COX pathway generates inflammatory prostaglandins, while the 5-LOX pathway generates inflammatory leukotrienes. We found that inhibitors of both these pathways suppressed neurotoxicity in a dose-dependent fashion. They included the COX-1 inhibitor indomethacin; the COX-2 inhibitor NS-398; the mixed COX-1/COX-2 inhibitor ibuprofen; the nitric oxide (NO) derivatives of indomethacin, ibuprofen and flurbiprofen; the 5-LOX inhibitor REV 5901; and the 5-LOX activating protein (FLAP) inhibitor MK-886. The FLAP inhibitor also reduced respiratory burst activity in a more potent manner than indomethacin. Combinations of COX and 5-LOX inhibitors were more effective than single inhibitors. The data suggest that both COX inhibitors and 5-LOX inhibitors may be neuroprotective in vivo by suppressing toxic actions of microglia/macrophages, and that combinations of the two might have greater therapeutic potential than single inhibitors of either class.""",Cyclooxygenase: enzyme; 5-lipoxygenase: enzyme; neurotoxicity: medical condition; Neuroinflammation: medical condition; oxidative: none; neurodegeneration: medical condition; aging: biological process; Alzheimer'sdisease: neurological disorder; Parkinson'sdisease: neurological disorder; amyotrophiclateralsclerosis: neurological disorder; microglia: cell type; SH-SY5Y: cell line; THP-1: cell line; respiratoryburst: biological process; indomethacin: pharmaceutical drug; NS-398: pharmaceutical drug; ibuprofen: pharmaceutical drug; flurbiprofen: pharmaceutical drug; REV5901: pharmaceutical drug; MK-886: pharmaceutical drug; FLAP: protein
"""Astemizole, a potent histamine H1-receptor antagonist: effect in allergic rhinoconjunctivitis, on antigen and histamine induced skin weal responses and relationship to serum levels. The efficacy of astemizole, a new, long acting, oral histamine H1-receptor antagonist was compared to placebo for the treatment of allergic rhinitis and conjunctivitis during the grass pollen season of 1982. Sixty-three patients with a positive skin prick test to grass pollen and current symptoms participated in an 8 week, double-blind, randomized study. Astemizole, 10 mg, was significantly better than placebo in alleviating both nose (P less than 0.05) and eye (P less than 0.01) symptoms despite significantly greater use of the reserve medication, clemastine, by the placebo group (P less than 0.003). There was a lag period of 5 days after initiation of therapy before treatment benefit became manifest. Subdivision of nasal symptoms indicated significant improvement compared to placebo over the 8 weeks for sneezing (P less than 0.05) and runny nose (P less than 0.05) but not blocked nose. The absence of effect on nasal blockage was confirmed by parallel measurement of nasal calibre by body plethysmography. The antihistaminic potency of astemizole was indicated by an 80% inhibition of the histamine induced skin weal response after 8 weeks therapy. A positive correlation was found between serum drug levels and % inhibition of histamine skin weal (r = 0.64, P less than 0.001). Astemizole was free from adverse sedative or anticholinergic effects but did cause a mean increase in weight of 1.3 kg (P less than 0.01) after 8 weeks therapy, not found with placebo.""",Astemizole: pharmaceutical drug; histamine: biochemical compound; H1-receptor: biological receptor; rhinoconjunctivitis: medical condition; antigen: biological substance; skinweal: medical symptom; serum: biological fluid; placebo: clinical trial component; allergicrhinitis: medical condition; conjunctivitis: medical condition; grasspollen: allergen; patients: human group; skinpricktest: medical test; symptoms: medical symptom; study: research activity; clemastine: pharmaceutical drug; therapy: medical treatment; treatment: medical process; sneezing: medical symptom; runnynose: medical symptom; blockednose: medical symptom; nasalcalibre: medical measurement; bodyplethysmography: medical procedure; antihistaminic: pharmacological effect; inhibition: biological process; correlation: statistical relationship; druglevels: pharmacological measurement; sedative: pharmacological effect; anticholinergic: pharmacological effect; weight: physical measurement; kg: unit of measurement
"""The mannose 6-phosphate-binding sites of M6P/IGF2R determine its capacity to suppress matrix invasion by squamous cell carcinoma cells. The M6P (mannose 6-phosphate)/IGF2R (insulin-like growth factor II receptor) interacts with a variety of factors that impinge on tumour invasion and metastasis. It has been shown that expression of wild-type M6P/IGF2R reduces the tumorigenic and invasive properties of receptor-deficient SCC-VII squamous cell carcinoma cells. We have now used mutant forms of M6P/IGF2R to assess the relevance of the different ligand-binding sites of the receptor for its biological activities in this cellular system. The results of the present study demonstrate that M6P/IGF2R does not require a functional binding site for insulin-like growth factor II for inhibition of anchorage-independent growth and matrix invasion by SCC-VII cells. In contrast, the simultaneous mutation of both M6P-binding sites is sufficient to impair all cellular functions of the receptor tested. These findings highlight that the interaction between M6P/IGF2R and M6P-modified ligands is not only important for intracellular accumulation of lysosomal enzymes and formation of dense lysosomes, but is also crucial for the ability of the receptor to suppress SCC-VII growth and invasion. The present study also shows that some of the biological activities of M6P/IGF2R in SCC-VII cells strongly depend on a functional M6P-binding site within domain 3, thus providing further evidence for the non-redundant cellular functions of the individual carbohydrate-binding domains of the receptor.""",mannose6-phosphate-bindingsites: biological structure; M6P/IGF2R: protein receptor; matrix: biological structure; squamouscellcarcinomacells: cell type; M6P: molecule; IGF2R: protein receptor; insulin-likegrowthfactorIIreceptor: protein receptor; tumour: medical condition; metastasis: medical process; wild-typeM6P/IGF2R: protein receptor variant; SCC-VIIsquamouscellcarcinomacells: cell line; mutantforms: genetic variant; ligand-bindingsites: biological structure; biologicalactivities: biological process; cellularsystem: biological system; insulin-likegrowthfactorII: molecule; anchorage-independentgrowth: biological process; SCC-VIIcells: cell line; M6P-bindingsites: biological structure; cellularfunctions: biological process; M6P-modifiedligands: molecule; intracellularaccumulation: biological process; lysosomalenzymes: enzyme; denselysosomes: cellular organelle; SCC-VIIgrowth: biological process; domain3: protein domain; carbohydrate-bindingdomains: protein domain
"""Long range effect of mutations on specific conformational changes in the extracellular loop 2 of angiotensin II type 1 receptor. The topology of the second extracellular loop (ECL2) and its interaction with ligands is unique in each G protein-coupled receptor. When the orthosteric ligand pocket located in the transmembrane (TM) domain is occupied, ligand-specific conformational changes occur in the ECL2. In more than 90% of G protein-coupled receptors, ECL2 is tethered to the third TM helix via a disulfide bond. Therefore, understanding the extent to which the TM domain and ECL2 conformations are coupled is useful. To investigate this, we examined conformational changes in ECL2 of the angiotensin II type 1 receptor (AT1R) by introducing mutations in distant sites that alter the activation state equilibrium of the AT1R. Differential accessibility of reporter cysteines introduced at four conformation-sensitive sites in ECL2 of these mutants was measured. Binding of the agonist angiotensin II (AngII) and inverse agonist losartan in wild-type AT1R changed the accessibility of reporter cysteines, and the pattern was consistent with ligand-specific """"lid"""" conformations of ECL2. Without agonist stimulation, the ECL2 in the gain of function mutant N111G assumed a lid conformation similar to AngII-bound wild-type AT1R. In the presence of inverse agonists, the conformation of ECL2 in the N111G mutant was similar to the inactive state of wild-type AT1R. In contrast, AngII did not induce a lid conformation in ECL2 in the loss of function D281A mutant, which is consistent with the reduced AngII binding affinity in this mutant. However, a lid conformation was induced by [Sar(1),Gln(2),Ile(8)] AngII, a specific analog that binds to the D281A mutant with better affinity than AngII. These results provide evidence for the emerging paradigm of domain coupling facilitated by long range interactions at distant sites on the same receptor.""",mutations: biological process; conformationalchanges: biological process; extracellularloop2: protein structure; angiotensinIItype1receptor: protein; topology: scientific concept; secondextracellularloop: protein structure; ECL2: protein structure; ligands: chemical compound; Gproteincoupledreceptor: protein family; orthostericligandpocket: protein structure; transmembrane: protein structure; TMdomain: protein structure; disulfidebond: chemical bond; activationstateequilibrium: biological process; AT1R: protein; reporter: scientific tool; cysteines: amino acid; agonist: chemical compound; angiotensinII: chemical compound; AngII: chemical compound; inverseagonist: chemical compound; losartan: chemical compound; wildtypeAT1R: protein variant; lidconformations: protein structure; N111G: protein variant; gainoffunctionmutant: genetic variant; D281A: protein variant; lossoffunctionmutant: genetic variant; Sar1Gln2Ile8AngII: chemical compound; analog: chemical compound; domaincoupling: biological process; interactions: biological process; receptor: protein
"""Structural basis for the altered drug sensitivities of non-small cell lung cancer-associated mutants of human epidermal growth factor receptor. The epidermal growth factor receptor (EGFR) has an essential role in multiple signaling pathways, including cell proliferation and migration, through extracellular ligand binding and subsequent activation of its intracellular tyrosine kinase (TK) domain. The non-small cell lung cancer (NSCLC)-associated EGFR mutants, L858R and G719S, are constitutively active and oncogenic. They display sensitivity to TK inhibitors, including gefitinib and erlotinib. In contrast, the secondary mutation of the gatekeeper residue, T790M, reportedly confers inhibitor resistance on the oncogenic EGFR mutants. In this study, our biochemical analyses revealed that the introduction of the T790M mutation confers gefitinib resistance on the G719S mutant. The G719S/T790M double mutant has enhanced activity and retains high gefitinib-binding affinity. The T790M mutation increases the ATP affinity of the G719S mutant, explaining the acquired drug resistance of the double mutant. Structural analyses of the G719S/T790M double mutant, as well as the wild type and the G719S and L858R mutants, revealed that the T790M mutation stabilizes the hydrophobic spine of the active EGFR-TK conformation. The Met790 side chain of the G719S/T790M double mutant, in the apo form and gefitinib- and AMPPNP-bound forms, adopts different conformations that explain the accommodation of these ligands. In the L858R mutant structure, the active-site cleft is expanded by the repositioning of Phe723 within the P-loop. Notably, the introduction of the F723A mutation greatly enhanced the gefitinib sensitivity of the wild-type EGFR in vivo, supporting our hypothesis that the expansion of the active-site cleft results in enhanced gefitinib sensitivity. Taken together, our results provide a structural basis for the altered drug sensitivities caused by distinct NSCLC-associated EGFR mutations.""",non-smallcelllungcancer: medical condition; humanepidermalgrowthfactorreceptor: protein; epidermalgrowthfactorreceptor: protein; EGFR: protein; cellproliferation: biological process; migration: biological process; tyrosinekinase: enzyme; TK: enzyme; NSCLC: medical condition; L858R: genetic mutation; G719S: genetic mutation; gefitinib: pharmaceutical drug; erlotinib: pharmaceutical drug; T790M: genetic mutation; ATP: molecule; G719S/T790M: genetic mutation; hydrophobicspine: structural feature; Met790: amino acid residue; apo: none; AMPPNP: molecule; Phe723: amino acid residue; P-loop: structural feature; F723A: genetic mutation
"""Monocarboxylate transporters in the central nervous system: distribution, regulation and function. Monocarboxylate transporters (MCTs) are proton-linked membrane carriers involved in the transport of monocarboxylates such as lactate, pyruvate, as well as ketone bodies. They belong to a larger family of transporters composed of 14 members in mammals based on sequence homologies. MCTs are found in various tissues including the brain where three isoforms, MCT1, MCT2 and MCT4, have been described. Each of these isoforms exhibits a distinct regional and cellular distribution in rodent brain. At the cellular level, MCT1 is expressed by endothelial cells of microvessels, by ependymocytes as well as by astrocytes. MCT4 expression appears to be specific for astrocytes. By contrast, the predominant neuronal monocarboxylate transporter is MCT2. Interestingly, part of MCT2 immunoreactivity is located at postsynaptic sites, suggesting a particular role of monocarboxylates and their transporters in synaptic transmission. In addition to variation in expression during development and upon nutritional modifications, new data indicate that MCT expression is regulated at the translational level by neurotransmitters. Understanding how transport of monocarboxylates is regulated could be of particular importance not only for neuroenergetics but also for areas such as functional brain imaging, regulation of food intake and glucose homeostasis, or for central nervous system disorders such as ischaemia and neurodegenerative diseases.""",Monocarboxylatetransporters: protein family; MCTs: protein family; lactate: chemical compound; pyruvate: chemical compound; ketonebodies: chemical compound; MCT1: protein isoform; MCT2: protein isoform; MCT4: protein isoform; rodents: animal group; endothelialcells: cell type; microvessels: anatomical structure; ependymocytes: cell type; astrocytes: cell type; neurons: cell type; synaptictransmission: biological process; neuroenergetics: biological process; brainimaging: medical procedure; foodintake: biological process; glucosehomeostasis: biological process; ischaemia: medical condition; neurodegenerativediseases: medical condition; neurotransmitters: chemical compound
"""Transcriptional regulation of human ferredoxin 1 in ovarian granulosa cells. Ferredoxin 1 (FDX1; adrenodoxin) is an iron-sulfur protein that is involved in various metabolic processes, including steroid hormone synthesis in mammalian tissues. We investigated the transcriptional regulation of FDX1 in ovarian granulosa cells. Previously, we reported that the NR5A family, including steroidogenic factor-1 (SF-1) and liver receptor homolog-1 could induce differentiation of human mesenchymal stem cells (hMSCs) into steroidogenic cells. A ChIP assay showed that SF-1 could bind to the FDX1 promoter in differentiated hMSCs. Luciferase reporter assays showed that transcription of FDX1 was synergistically activated by the NR5A family and 8Br-cAMP treatment through two SF-1 binding sites and a CRE-like sequence in a human ovarian granulosa cell line, KGN. Knockdown of FDX1 attenuated progesterone production in KGN cells. These results indicate transcription of FDX1 is regulated by the NR5A family and cAMP signaling, and participates in steroid hormone production in ovarian granulosa cells.""",TranscriptionalRegulation: biological process; human: species; ferredoxin1: protein; ovarianGranulosaCells: cell type; FDX1: gene; adrenodoxin: protein; iron-sulfurProtein: protein type; metabolicProcesses: biological process; steroidHormoneSynthesis: biological process; mammalianTissues: tissue type; NR5A: protein family; steroidogenicFactor-1: protein; SF-1: protein; liverReceptorHomolog-1: protein; humanMesenchymalStemCells: cell type; hMSCs: cell type; ChIPAssay: experimental technique; FDX1Promoter: genetic element; luciferaseReporterAssays: experimental technique; 8Br-cAMP: chemical compound; CRE-likeSequence: genetic element; humanOvarianGranulosaCellLine: cell line; KGN: cell line; Knockdown: experimental technique; progesteroneProduction: biological process; cAMPsignaling: biological process; steroidHormoneProduction: biological process.
"""The interaction between mGluR1 and the calcium channel Cav₂.₁ preserves coupling in the presence of long Homer proteins. Group I metabotropic glutamate receptors (mGluR1 and 5) are G protein coupled receptors that regulate neuronal activity in a number of ways. Some of the most well studied functions of group I mGluRs, such as initiation of multiple forms of mGluR-dependent long-term depression, require receptor localization near the post-synaptic density (PSD). This localization is in turn dependent on the Homer family of scaffolding proteins which bind to a small motif on the distal C-termini of mGluR1 and 5, localize the receptors near the PSD, strengthen coupling to post-synaptic effectors and simultaneously uncouple the mGluRs from extra-synaptic effectors such as voltage dependent ion channels. Here the selectivity of this uncoupling process was examined by testing the ability of Homer-2b to uncouple mGluR1 from multiple voltage dependent calcium channels including Ca(V2.2) (N-type), Ca(V3.2) (T-type), and Ca(V2.1) (P/Q-type) expressed in rat sympathetic neurons from the superior cervical ganglion (SCG). Of these, only the mGluR1-Ca(V2.1) modulatory pathway was insensitive to Homer-2b expression. Uncoupling from this channel was achieved by co-expression of an mGluR1 C-terminal protein designed to disrupt a previously described direct interaction between these two proteins, suggesting that this interaction allows incorporation of Ca(V2.1) into the mGluR1/Homer signaling complex, thereby preserving modulation in the presence of scaffolding Homer proteins. This article is part of a Special Issue entitled 'Metabotropic Glutamate Receptors'.""",mGluR1: protein receptor; Cav₂.₁: calcium channel; Homer: protein family; mGluR5: protein receptor; Gprotein: protein; PSD: cellular structure; Homer-2b: protein variant; CaV2.2: calcium channel; CaV3.2: calcium channel; CaV2.1: calcium channel; SCG: anatomical structure
"""Medroxyprogesterone acetate but not drospirenone ablates the protective function of 17 beta-estradiol in aldosterone salt-treated rats. Controversial results obtained from human and animal studies on the prevention of heart disease by estrogens and progestins warrant a better understanding of nuclear hormone receptor function and interaction. To address this issue and taking into account that effects of synthetic progestins are not only referable to action through the progesterone receptor but may also be mediated by other steroid receptors, we characterized cardiovascular function and inflammatory gene expression in aldosterone salt-treated rats on long-term administration of 17beta-estradiol, medroxyprogesterone acetate, and drospirenone, a new progestogen exhibiting antimineralocorticoid activity. The complex pattern of cardiovascular injury in ovariectomized Wistar rats induced by chronic aldosterone infusion plus a high-salt diet was significantly attenuated in sham-ovariectomized rats and by coadministration of 17beta-estradiol in ovariectomized animals after 8 weeks of continuous treatment. The beneficial role of 17beta-estradiol on blood pressure, cardiac hypertrophy, vascular osteopontin expression, perivascular fibrosis, and impaired NO-dependent relaxation of isolated aortic rings was completely abrogated by coadministration of medroxyprogesterone acetate. In contrast, drospirenone was either neutral or additive to 17beta-estradiol in protecting against aldosterone salt-induced cardiovascular injury and inflammation. The current results support the hypothesis of complex interactions among estrogen, progesterone, glucocorticoid, androgen, and mineralocorticoid receptor signaling in cardiovascular injury and inflammation. Novel progestins, such as drospirenone, confer superior effects compared with medroxyprogesterone acetate in a model of aldosterone-induced heart disease because of its antimineralocorticoid properties.""",Medroxyprogesteroneacetate: pharmaceutical compound; drospirenone: pharmaceutical compound; 17beta-estradiol: pharmaceutical compound; aldosteronesalt: chemical compound; rats: animal species; heartdisease: medical condition; estrogens: hormone; progestins: hormone; nuclearhormonereceptor: biological concept; progesteronereceptor: biological concept; steroidreceptors: biological concept; cardiovascularfunction: physiological process; inflammatorygeneexpression: biological process; progestogen: hormone; antimineralocorticoidactivity: pharmacological property; ovariectomizedWistarrats: animal model; aldosteroneinfusion: medical procedure; highsalt: dietary condition; sham-ovariectomizedrats: animal model; bloodpressure: physiological parameter; cardiachypertrophy: medical condition; vascularosteopontinexpression: biological process; perivascularfibrosis: medical condition; NO-dependentrelaxation: physiological process; aorticrings: anatomical structure; estrogen: hormone; progesterone: hormone; glucocorticoid: hormone; androgen: hormone; mineralocorticoidreceptorsignaling: biological process; cardiovascularinjury: medical condition; inflammation: biological process; novelprogestins: pharmaceutical category; heartdisease: medical condition
"""Tyrosine hydroxylase binds tetrahydrobiopterin cofactor with negative cooperativity, as shown by kinetic analyses and surface plasmon resonance detection. Kinetic studies of tetrameric recombinant human tyrosine hydroxylase isoform 1 (hTH1) have revealed properties so far not reported for this enzyme. Firstly, with the natural cofactor (6R)-Lerythro-5,6,7, 8-tetrahydrobiopterin (H4biopterin) a time-dependent change (burst) in enzyme activity was observed, with a half-time of about 20 s for the kinetic transient. Secondly, nonhyperbolic saturation behaviour was found for H4biopterin with a pronounced negative cooperativity (0.39 < h < 0.58; [S]0.5 = 24 +/- 4 microM). On phosphorylation of Ser40 by protein kinase A, the affinity for H4biopterin increased ([S]0.5 = 11 +/- 2 microM) and the negative cooperativity was amplified (h = 0.27 +/- 0.03). The dimeric C-terminal deletion mutant (Delta473-528) of hTH1 also showed negative cooperativity of H4biopterin binding (h = 0.4). Cooperativity was not observed with the cofactor analogues 6-methyl-5,6,7,8-tetrahydropterin (h = 0.9 +/- 0.1; Km = 62.7 +/- 5.7 microM) and 3-methyl-5,6,7, 8-tetrahydropterin (H43-methyl-pterin)(h = 1.0 +/- 0.1; Km = 687 +/- 50 microM). In the presence of 1 mM H43-methyl-pterin, used as a competitive cofactor analogue to BH4, hyperbolic saturation curves were also found for H4biopterin (h = 1.0), thus confirming the genuine nature of the kinetic negative cooperativity. This cooperativity was confirmed by real-time biospecific interaction analysis by surface plasmon resonance detection. The equilibrium binding of H4biopterin to the immobilized iron-free apoenzyme results in a saturable positive resonance unit (DeltaRU) response with negative cooperativity (h = 0.52-0.56). Infrared spectroscopic studies revealed a reduced thermal stability both of the apo-and the holo-hTH1 on binding of H4biopterin and Lerythro-dihydrobiopterin (H2biopterin). Moreover, the ligand-bound forms of the enzyme also showed a decreased resistance to limited tryptic proteolysis. These findings indicate that the binding of H4biopterin at the active site induces a destabilizing conformational change in the enzyme which could be related to the observed negative cooperativity. Thus, our studies provide new insight into the regulation of TH by the concentration of H4biopterin which may have significant implications for the physiological regulation of catecholamine biosynthesis in neuroendocrine cells.""","TyrosineHydroxylase: enzyme; tetrahydrobiopterin: chemical compound; kinetic: scientific concept; surfacePlasmonResonance: scientific technique; tetrameric: none; recombinant: none; human: biological species; tyrosineHydroxylaseIsoform1: enzyme; hTH1: enzyme; cofactor: chemical compound; 6R-Lerythro-5,6,7,8-tetrahydrobiopterin: chemical compound; H4biopterin: chemical compound; enzyme: biological molecule; Ser40: protein residue; proteinKinaseA: enzyme; dimeric: none; C-terminal: protein region; Delta473-528: protein mutation; 6-methyl-5,6,7,8-tetrahydropterin: chemical compound; 3-methyl-5,6,7,8-tetrahydropterin: chemical compound; H43-methyl-pterin: chemical compound; BH4: chemical compound; real-time: none; biospecific: none; interaction: scientific concept; analysis: scientific process; infrared: scientific technique; spectroscopic: scientific technique; apoenzyme: enzyme form; resonanceUnit: scientific measurement; DeltaRU: scientific measurement; Lerythro-dihydrobiopterin: chemical compound; H2biopterin: chemical compound; catecholamine: chemical compound; biosynthesis: biological process; neuroendocrine: biological system; cells: biological structure"
"""The Effects of Carbohydrate, Unsaturated Fat, and Protein Intake on Measures of Insulin Sensitivity: Results from the OmniHeart Trial. OBJECTIVE Impaired insulin sensitivity increases the risk of cardiovascular disease. Although calorie restriction and weight loss increase insulin sensitivity, the effects of modifying macronutrient composition on insulin sensitivity are uncertain. The purpose of this study is to determine the effects on insulin sensitivity of a carbohydrate-rich diet (CARB; similar to the Dietary Approaches to Stop Hypertension [DASH] diet), a protein-rich diet (PROT; protein predominantly from plant sources), and an unsaturated fat-rich diet (UNSAT; predominantly monounsaturated). RESEARCH DESIGN AND METHODS This study was a randomized, controlled, three-period, crossover feeding study. The study participants were 164 individuals with prehypertension or stage 1 hypertension without diabetes. Diets were administered for 6 weeks each, with a washout period between diets of 2-4 weeks. Weight was held constant throughout the study. For our primary outcome, we calculated the quantitative insulin sensitivity check index (QUICKI) using the end-of-period fasting serum glucose and insulin. QUICKI is a validated measure of insulin sensitivity. The primary analyses used generalized estimating equations. RESULTS At baseline, mean (SD) BMI was 30.2 (6.1) kg/m(2), and mean (SD) QUICKI was 0.35 (0.04). The UNSAT diet increased QUICKI by 0.005, more than the CARB diet (P = 0.04). PROT had no significant effect compared with CARB. CONCLUSIONS A diet that partially replaces carbohydrate with unsaturated fat may improve insulin sensitivity in a population at risk for cardiovascular disease. Given the well-recognized challenges of sustaining weight loss, our results suggest an alternative approach for improving insulin sensitivity.""",OmniHeartTrial: clinical study; insulin: hormone; cardiovascular: medical condition; calorie: unit of energy; macronutrient: nutritional component; insulinSensitivity: physiological process; carbohydrate: nutritional component; CARB: diet type; DietaryApproachestoStopHypertension: diet plan; DASH: diet plan; protein: nutritional component; PROT: diet type; UNSAT: diet type; monounsaturated: fat type; RESEARCHDESIGNANDMETHODS: none; BMI: health metric; kg/m2: unit of measurement; QUICKI: health metric; serum: biological substance; glucose: biochemical compound; estimating: none; equations: mathematical concept; baseline: none; SD: statistical measure; P: statistical measure; CONCLUSIONS: none; population: demographic group; weight: physical property; approach: none
"""Minocycline inhibits cytochrome c release and delays progression of amyotrophic lateral sclerosis in mice. Minocycline mediates neuroprotection in experimental models of neurodegeneration. It inhibits the activity of caspase-1, caspase-3, inducible form of nitric oxide synthetase (iNOS) and p38 mitogen-activated protein kinase (MAPK). Although minocycline does not directly inhibit these enzymes, the effects may result from interference with upstream mechanisms resulting in their secondary activation. Because the above-mentioned factors are important in amyotrophic lateral sclerosis (ALS), we tested minocycline in mice with ALS. Here we report that minocycline delays disease onset and extends survival in ALS mice. Given the broad efficacy of minocycline, understanding its mechanisms of action is of great importance. We find that minocycline inhibits mitochondrial permeability-transition-mediated cytochrome c release. Minocycline-mediated inhibition of cytochrome c release is demonstrated in vivo, in cells, and in isolated mitochondria. Understanding the mechanism of action of minocycline will assist in the development and testing of more powerful and effective analogues. Because of the safety record of minocycline, and its ability to penetrate the blood-brain barrier, this drug may be a novel therapy for ALS.""",Minocycline: pharmaceutical drug; cytochrome: protein; amyotrophic: none; lateral: none; sclerosis: medical condition; mice: animal; neuroprotection: biological process; caspase-1: enzyme; caspase-3: enzyme; nitric: none; oxide: chemical compound; synthetase: enzyme; iNOS: enzyme; p38: protein; mitogen-activated: none; protein: biological molecule; kinase: enzyme; MAPK: protein; mechanisms: none; ALS: medical condition; disease: medical condition; onset: none; survival: biological process; mitochondria: organelle; permeability-transition: none; action: none; analogues: none; therapy: medical treatment; blood-brain: none; barrier: biological structure
"""Inhibition of monoamine oxidase by phthalide analogues. Based on recent reports that the small molecules, isatin and phthalimide, are suitable scaffolds for the design of high potency monoamine oxidase (MAO) inhibitors, the present study examines the MAO inhibitory properties of a series of phthalide [2-benzofuran-1(3H)-one] analogues. Phthalide is structurally related to isatin and phthalimide and it is demonstrated here that substitution at C6 of the phthalide moiety yields compounds endowed with high binding affinities to both human MAO isoforms. Among the nineteen homologues evaluated, the lowest IC(50) values recorded for the inhibition of MAO-A and -B were 0.096 and 0.0014 μM, respectively. In most instances, C6-substituted phthalides exhibit MAO-B specific inhibition. Among a series of 6-benzyloxyphthalides bearing substituents on the para position of the phenyl ring the general order of potency was CF(3) > I > Br > Cl > F > CH(3) > H. The results also show that the binding modes of representative phthalides are reversible and competitive at both MAO isoforms. Based on these data, C6-substituted phthalides may serve as leads for the development of therapies for neurodegenerative disorders such as Parkinson's disease.""",monoamineoxidase: enzyme; phthalide: chemical compound; isatin: chemical compound; phthalimide: chemical compound; MAO: enzyme; MAO-A: enzyme subtype; MAO-B: enzyme subtype; C6-substitutedphthalides: chemical compound; 6-benzyloxyphthalides: chemical compound; CF3: chemical group; I: chemical element; Br: chemical element; Cl: chemical element; F: chemical element; CH3: chemical group; Parkinsonsdisease: medical condition
"""A genetically encoded and gate for cell-targeted metabolic labeling of proteins. We describe a genetic AND gate for cell-targeted metabolic labeling and proteomic analysis in complex cellular systems. The centerpiece of the AND gate is a bisected methionyl-tRNA synthetase (MetRS) that charges the Met surrogate azidonorleucine (Anl) to tRNA(Met). Cellular protein labeling occurs only upon activation of two different promoters that drive expression of the N- and C-terminal fragments of the bisected MetRS. Anl-labeled proteins can be tagged with fluorescent dyes or affinity reagents via either copper-catalyzed or strain-promoted azide-alkyne cycloaddition. Protein labeling is apparent within 5 min after addition of Anl to bacterial cells in which the AND gate has been activated. This method allows spatial and temporal control of proteomic labeling and identification of proteins made in specific cellular subpopulations. The approach is demonstrated by selective labeling of proteins in bacterial cells immobilized in the center of a laminar-flow microfluidic channel, where they are exposed to overlapping, opposed gradients of inducers of the N- and C-terminal MetRS fragments. The observed labeling profile is predicted accurately from the strengths of the individual input signals.""",ANDgate: genetic construct; MetRS: enzyme; Anl: chemical compound; tRNA: biological molecule; proteins: biological macromolecule; dyes: chemical compound; reagents: chemical compound; cycloaddition: chemical reaction; cells: biological entity; method: scientific technique; control: experimental procedure; identification: scientific process; subpopulations: biological group; approach: scientific strategy; channel: microfluidic device; gradients: chemical concentration; signals: biological signal
"""Characterization of tyrosinase inhibitors in the twigs of Cudrania tricuspidata and their structure-activity relationship study. The twigs of Cudrania tricuspidata were found to show strong tyrosinase inhibitory activity, and further detailed component analysis resulted in the isolation of a new flavanol glucoside, (2S,3S)-2,3-trans-dihydromorin-7-O-β-d-glucoside (1), plus twenty-seven known compounds (2-28). Their structures were elucidated on the basis of ESI-MS and NMR spectral data. Among the isolated compounds, trans-dihydromorin (8), oxyresveratrol (9), and steppogenin (12) were found to exhibit significant tyrosinase inhibition activities. Moreover, the structure-activity relationship of these isolated compounds was also discussed.""",tyrosinase: enzyme; Cudraniatricuspidata: plant species; flavanolglucoside: chemical compound; dihydromorin-7-O-β-d-glucoside: chemical compound; ESI-MS: analytical technique; NMR: analytical technique; trans-dihydromorin: chemical compound; oxyresveratrol: chemical compound; steppogenin: chemical compound
"""Effectiveness of endopeptidase inhibition (candoxatril) in congestive heart failure. Candoxatril is a novel, orally active inhibitor of neutral endopeptidase EC 3.4.24.11, the enzyme that degrades atrial natriuretic peptide (ANP). The acute and chronic (10 days treatment) hemodynamic and hormonal effects of candoxatril (150 mg twice daily) in 12 patients with moderately severe congestive heart failure were investigated in a randomized, placebo-controlled, double-blind study. On study day 1, candoxatril acutely increased plasma ANP levels, suppressed aldosterone and decreased right atrial and pulmonary capillary wedge pressures. After 10 days of treatment, basal ANP was increased and basal aldosterone was decreased. Body weight was reduced, most likely reflecting chronic natriuretic or diuretic effects, or both, and there was a trend toward increased cardiac index and reduced preload values. On study day 10, the acute effects of candoxatril were similar to those on day 1 (i.e., ANP was further increased, aldosterone was suppressed, and right and left ventricular filling pressures were decreased). Thus, candoxatril may offer a new and effective therapeutic approach in the treatment of heart failure.""",endopeptidase: enzyme; candoxatril: pharmaceutical drug; congestiveheartfailure: medical condition; neutralendopeptidaseEC3.4.24.11: enzyme; atrialnatriureticpeptide: peptide hormone; ANP: peptide hormone; aldosterone: hormone; rightatrial: anatomical structure; pulmonarycapillarywedgepressures: medical measurement; bodyweight: physiological measurement; cardiacindex: medical measurement; preloadvalues: medical measurement; rightventricular: anatomical structure; leftventricular: anatomical structure; heartfailure: medical condition
"""Esmolol reduces autonomic hypersensitivity and length of seizures induced by electroconvulsive therapy. We evaluated the clinical effectiveness of esmolol, an ultra-short-acting beta 1-adrenergic receptor blocking drug, to control the sinus tachycardia and increase in arterial blood pressures induced by electroconvulsive therapy (ECT). Each of 20 patients, ASA physical status I-III, participated in a double-blind, randomized study, involving four match-pair trials (placebo versus esmolol) during ECT. Each patient acted as his or her own control (total number of ECT procedures, 160). We administered a 4-min infusion of either placebo or esmolol at the rate of 500 micrograms.kg-1.min-1. We then induced anesthesia with methohexital and succinylcholine. After administration of electrical stimulation for ECT, the rate of infusion decreased to 300 micrograms.kg-1.min-1 for three additional minutes and was then discontinued. Statistically significant reductions in mean heart rate from minute 2 until minute 15 and in maximum heart rate (the mean of each patient's maximum heart rate after seizure changed from 152 +/- 23 to 115 +/- 24 beats/min) occurred in patients given esmolol. During and immediately after infusion, arterial blood pressure also decreased. Finally, the length of seizures decreased, as manifested clinically from 48 +/- 18 to 39 +/- 14 s and on electroencephalogram from 86 +/- 41 to 67 +/- 28 s. We conclude that esmolol effectively controls the hyperdynamic response to ECT and reduces the length of seizures. The significance of the latter to the overall effectiveness of ECT is not known.""",Esmolol: pharmaceutical drug; electroconvulsivetherapy: medical procedure; beta1-adrenergicreceptor: biological receptor; ASAPHysicalStatus: medical classification; placebo: pharmaceutical substance; methohexital: pharmaceutical drug; succinylcholine: pharmaceutical drug; anesthesia: medical procedure; electricalstimulation: medical procedure; electroencephalogram: medical test.
"""The effects of adulthood olanzapine treatment on cognitive performance and neurotrophic factor content in male and female rats neonatally treated with quinpirole. Male and female Sprague-Dawley rats were administered quinpirole (1 mg/kg, i.p.) or saline once daily from postnatal day (P)1 to P21. This drug treatment has been shown to produce long-term priming of the D2 receptor. Beginning on P62, rats were administered the atypical antipsychotic olanzapine (2.5 mg/kg) or saline twice daily (i.p.) for 28 days. One day after olanzapine treatment ceased, rats were tested on the place and match-to-place versions of the Morris water maze (MWM) for seven consecutive days. Dopamine D2 receptor priming was verified through a yawning behavioural test, a D2 receptor-mediated event, before olanzapine was administered as well as after olanzapine treatment and behavioural testing were complete. Results showed that neonatal quinpirole treatment induced D2 priming that was eliminated by olanzapine treatment. On the MWM place version, D2-primed rats demonstrated a significant impairment that was eliminated by olanzapine treatment, but olanzapine treatment to animals neonatally treated with saline produced a significant deficit on the place version of the MWM. There were no significant deficits on the match-to-place version. Brain tissue analyses revealed that neonatal quinpirole treatment produced a significant decrease in hippocampal NGF, BDNF and ChAT that was eliminated by olanzapine treatment. Neonatal quinpirole treatment produced a significant decrease in BDNF and ChAT in the frontal cortex that was unaffected by olanzapine treatment. These results show that olanzapine eliminates D2 receptor priming and cognitive impairment and also alleviates decreases in neurotrophins and acetylcholinergic markers produced by D2 priming in the hippocampus.""",adulthood: life stage; olanzapine: medication; cognitive: none; performance: none; neurotrophic: none; factor: none; content: none; male: gender; female: gender; rats: animal species; quinpirole: medication; Sprague-Dawley: animal breed; saline: solution; postnatal: developmental stage; day: time unit; D2receptor: biological receptor; atypical: none; antipsychotic: medication type; Morriswatermaze: experimental test; yawning: behavior; behavioural: none; test: procedure; event: occurrence; results: outcome; neonatal: developmental stage; impairment: condition; brain: organ; tissue: biological material; analyses: process; hippocampal: anatomical region; NGF: protein; BDNF: protein; ChAT: enzyme; frontal: anatomical region; cortex: anatomical region; neurotrophins: protein type; acetylcholinergic: neurotransmitter type; markers: indicator; hippocampus: anatomical region
"""Inhibition of matrix metalloproteinases (MMPs) as a potential strategy to ameliorate hypertension-induced cardiovascular alterations. A group of proteases, the matrix metalloproteinases (MMPs) are well known for their capacity to degrade extracellular matrix (ECM) proteins. Particularly MMP-2 and MMP-9 contribute to the degradation and reorganization of the ECM components and are involved in the pathophysiology of cardiovascular remodeling. Imbalanced MMP activity promotes vascular smooth muscle cells and migration and proliferation and endothelial dysfunction, thus resulting in increased cardiovascular stiffness and hypertrophy. Furthermore, MMP-2 cleaves non-ECM protein substrates including cellular receptors and intracellular proteins, thus causing cardiac and vascular dysfunction. It is now becoming clear that increased MMP activity promotes long-lasting cardiovascular structural and functional alterations in both experimental and clinical hypertension, and this alteration may contribute to sustained hypertension and its complications. Other pathogenic mechanisms including activation of the renin-angiotensin-aldosterone system and oxidative stress activate and upregulate MMPs. Therefore, MMP inhibition may prevent the deleterious consequences of hypertension to the cardiovascular system. This review article will focus on growing evidence supporting the relevance of MMPs in hypertension and the effects of MMP inhibitors. Particularly, the effects of doxycycline used as a non selective MMP inhibitor in experimental and clinical studies will be discussed.""",matrixmetalloproteinases: enzyme; MMPs: enzyme; hypertension: medical condition; cardiovascular: biological system; ECM: biological structure; MMP-2: enzyme; MMP-9: enzyme; pathophysiology: scientific concept; vascular: biological structure; cells: biological structure; migration: biological process; proliferation: biological process; endothelial: biological structure; dysfunction: medical condition; stiffness: physical property; hypertrophy: medical condition; substrates: chemical compound; receptors: biological structure; proteins: biological molecule; cardiac: biological structure; alterations: scientific concept; mechanisms: scientific concept; renin-angiotensin-aldosteronesystem: biological system; stress: psychological condition; inhibitors: chemical compound; doxycycline: pharmaceutical drug; studies: scientific research
"""Reduction of dimethylarsinic acid to the highly toxic dimethylarsinous acid by rats and rat liver cytosol. Dimethylarsinic acid (DMAs(V)), the major urinary metabolite of inorganic arsenic, is weakly cytotoxic, whereas its reduced form, dimethylarsinous acid (DMAs(III)), is highly toxic. Although glutathione S-transferase omega 1 (GSTO1) and arsenic methyltransferase have been shown or thought to catalyze DMAs(V) reduction, their role in DMAs(V) reduction in vivo, or in cell extracts is uncertain. Therefore, the reduction of DMAs(V) to DMAs(III) in rats and in rat liver cytosol was studied to better understand its mechanism. To assess DMAs(V) reduction in rats, a novel procedure was devised based on following the accumulation of red blood cell (RBC)-bound dimethylarsenic (DMAs), which represents DMAs(III), in the blood of DMAs(V)-injected anesthetized rats. These studies indicated that rats reduced DMAs(V) to DMAs(III) to a significant extent, as in 90 min 31% of the injected 50 μmol/kg DMAs(V) dose was converted to DMAs(III) that was sequestered by the circulating erythrocytes. Pretreatment of rats with glutathione (GSH) depletors (phorone or BSO) delayed the elimination of DMAs(V) and the accumulation of RBC-bound DMAs, whereas the indirect methyltransferase inhibitor periodate-oxidized adenosine was without effect. Assessment of DMAs(V)-reducing activity of rat liver cytosol revealed that reduction of DMAs(V) required cytosolic protein and GSH and was inhibited by thiol reagents, GSSG and dehydroascorbate. Although thioredoxin reductase (TRR) inhibitors (aurothioglucose and Sb(III)) inhibited cytosolic DMAs(V) reduction, recombinant rat TRR plus NADPH, alone or when added to the cytosol, failed to support DMAs(V) reduction. On ultrafiltration of the cytosol through a 3 kDa filter, the reducing activity in the retentate was lost but was largely restored by NADPH. Such experiments also suggested that the reducing enzyme was larger than 100 kDa and was not GSTO1. In summary, reduction of DMAs(V) to the highly toxic DMAs(III) in rats and rat liver cytosol is a GSH-dependent enzymatic process, yet its mechanism remains uncertain.""",dimethylarsinicacid: chemical compound; dimethylarsinousacid: chemical compound; rats: biological organism; ratlivercytosol: biological sample; DMAsV: chemical compound; DMAsIII: chemical compound; glutathioneS-transferaseomega1: enzyme; GSTO1: enzyme; arsenicmethyltransferase: enzyme; invivo: experimental condition; cellextracts: biological sample; redbloodcell: biological component; RBC: biological component; dimethylarsenic: chemical compound; DMAs: chemical compound; blood: biological fluid; anesthetizedrats: experimental subject; glutathione: chemical compound; GSH: chemical compound; phorone: chemical compound; BSO: chemical compound; methyltransferase: enzyme; periodate-oxidizedadenosine: chemical compound; ratlivercytosol: biological sample; cytosolicprotein: biological component; GSSG: chemical compound; dehydroascorbate: chemical compound; thioredoxinreductase: enzyme; TRR: enzyme; aurothioglucose: chemical compound; SbIII: chemical compound; NADPH: chemical compound; ultrafiltration: laboratory technique; retentate: laboratory sample; reducingenzyme: enzyme
"""Zinc drives a tertiary fold in the prion protein with familial disease mutation sites at the interface. The cellular prion protein PrP(C) consists of two domains--a flexible N-terminal domain, which participates in copper and zinc regulation, and a largely helical C-terminal domain that converts to β sheet in the course of prion disease. These two domains are thought to be fully independent and noninteracting. Compelling cellular and biophysical studies, however, suggest a higher order structure that is relevant to both PrP(C) function and misfolding in disease. Here, we identify a Zn²⁺-driven N-terminal to C-terminal tertiary interaction in PrP(C). The C-terminal surface participating in this interaction carries the majority of the point mutations that confer familial prion disease. Investigation of mutant PrPs finds a systematic relationship between the type of mutation and the apparent strength of this domain structure. The structural features identified here suggest mechanisms by which physiologic metal ions trigger PrP(C) trafficking and control prion disease.""",Zinc: chemical element; prionprotein: protein; familialdiseasemutationsites: genetic feature; cellularprionprotein: protein; PrP(): protein; N-terminaldomain: protein domain; copper: chemical element; zinc: chemical element; C-terminaldomain: protein domain; βsheet: protein structure; priondisease: medical condition; domains: protein structure; Zn²⁺: ion; N-terminal: protein domain; C-terminal: protein domain; tertiaryinteraction: molecular interaction; C-terminalsurface: protein structure; pointmutations: genetic feature; familialpriondisease: medical condition; mutantPrPs: protein variant; domainstructure: protein structure; structuralfeatures: none; physiologicmetalions: chemical element; PrP()trafficking: biological process
"""Binding between heparin and the integrin VLA-4. Heparin possesses antimetastatic effects that were related to various molecular mechanisms beyond anticoagulant activities. The ability of heparin to interfere with the function of adhesion receptors in the metastatic course appears as a promising therapeutic approach. This refers to numerous findings that heparin attenuates metastasis in a selectin-dependent manner. We recently demonstrated that heparin interferes with the integrin VLA-4 on murine melanoma cells binding to VCAM-1. To confirm this activity and to obtain further insight into molecular recognition of heparin by VLA-4, we investigated the inhibition of VLA-4 mediated binding of human melanoma MV3 cells to immobilised VCAM-1 by different heparins. The size of heparin has an important impact on inhibition. Unfractionated heparin (UFH) and tinzaparin, a low-molecular-weight heparin (LMWH) representing a mean of about 18-20 monomers, displayed high inhibitory activity. Fractionating tinzaparin to 14-18 monomers reduced inhibition slightly, while the pentasaccharide fondaparinux was without effects. To confirm molecular recognition of tinzaparin by VLA-4, a surface acoustic wave-biosensor was applied. A VLA-4 containing membrane preparation of MV3 cells was immobilised at the sensors to allow for detection of kinetic binding constants of tinzaparin compared to VCAM-1. Tinzaparin binds to VLA-4 with affinity in the low micromolar range (4.61 x 10(-6) M), which clearly indicates specific molecular recognition. Furthermore, tinzaparin displays a nearly identical k(off) compared to VCAM-1 (5.13 x 10(-3) s(-1) versus 3.44 x 10(-3) s(-1)) which is evident for interference with the ligand binding. The data provide evidence for a direct confirmation of heparin binding to VLA-4 and thus, contribute to understand the antimetastatic activity of heparin.""",heparin: biochemical compound; integrinVLA-4: protein complex; antimetastatic: biological effect; adhesion: biological process; receptors: biological structure; metastasis: medical condition; selectin: protein family; murinemelanoma: cell line; VCAM-1: protein; humanmelanomaMV3: cell line; unfractionatedheparin: biochemical compound; UFH: biochemical compound; tinzaparin: biochemical compound; low-molecular-weightheparin: biochemical compound; LMWH: biochemical compound; fondaparinux: biochemical compound; surfaceacousticwave-biosensor: scientific instrument; membrane: biological structure; MV3: cell line; kineticbindingconstants: scientific measurement; affinity: scientific measurement; molecularrecognition: biological process; ligand: biochemical compound; k(): scientific measurement; antimetastaticactivity: biological effect
"""Effects of venlafaxine on extracellular concentrations of 5-HT and noradrenaline in the rat frontal cortex: augmentation via 5-HT1A receptor antagonism. Venlafaxine is a novel serotonin/noradrenaline reuptake inhibitor (SNRI) which has been shown clinically to be an effective antidepressant (AD) with a faster onset of action than serotonin specific reuptake inhibitors (SSRI). Preclinically, venlafaxine has been shown to potently inhibit dorsal raphe neuronal (DRN) firing through a 5-HT1A mediated mechanism, in a similar manner to SSRIs. Here we demonstrate the acute neurochemical effects of venlafaxine on extracellular concentrations of 5-HT and noradrenaline (NA) from the rat frontal cortex using in vivo microdialysis. Administration of venlafaxine (3-50 mg/kg s.c.) resulted in a significant dose-dependent increase in extracellular NA, but produced no significant increase in 5-HT concentrations. Combination treatment with the selective 5-HT1A antagonist WAY100635 produced a dose-dependent augmentation of venlafaxine-induced (3-30 mg/kg s.c) extracellular 5-HT concentrations, but had no further effect on NA above that produced by venlafaxine alone. WAY100635, at doses as low as 0.03 mg/kg s.c., maintained this potentiation effect. The beta-adrenergic/5-HT1A receptor antagonist (+/-)pindolol and the selective 5-HT1B/D antagonist GR127935 produced no significant augmentation of venlafaxine-induced changes in either 5-HT or NA. Using the alpha1 and alpha2-adrenoceptor antagonists, prazosin and idazoxane, we also demonstrate the role of the alpha-adrenoceptors in the augmentation of venlafaxine-induced changes. The possible mechanisms underlying venlafaxines improved clinical AD action and the potential for further enhancement of this SNRIs clinical effects are discussed.""",venlafaxine: pharmaceutical drug; 5-HT: neurotransmitter; noradrenaline: neurotransmitter; ratfrontalcortex: anatomical structure; 5-HT1Areceptor: protein receptor; SNRI: drug class; antidepressant: drug class; AD: abbreviation; SSRI: drug class; dorsalrapheneuronal: anatomical structure; DRN: abbreviation; WAY100635: pharmaceutical drug; beta-adrenergic: receptor type; 5-HT1Areceptorantagonist: drug class; pindolol: pharmaceutical drug; 5-HT1B/Dantagonist: drug class; GR127935: pharmaceutical drug; alpha1adrenoceptorantagonist: drug class; prazosin: pharmaceutical drug; alpha2adrenoceptorantagonist: drug class; idazoxane: pharmaceutical drug
"""Comparison of vaginal aminopeptidase enzymatic activities in various animals and in humans. The specific enzymatic activity of four different aminopeptidases (aminopeptidase N, leucine aminopeptidase, aminopeptidase A and aminopeptidase B) in vaginal homogenates from rabbit, rat, guinea-pig, sheep and humans was compared. The purpose of the study was to find an appropriate animal model that can be used in degradation studies of protein and peptide drugs. Different substrates were used as the relative specific substrates for the determination of aminopeptidase enzymatic activity: 4-methoxy-2-naphthylamide of L-alanine for aminopeptidase N, 4-methoxy-2-naphthylamide of L-leucine for leucine aminopeptidase, 4-methoxy-2-naphthylamide of L-glutamic acid for aminopeptidase A and 4-methoxy-2-naphthylamide of L-arginine for aminopeptidase B. The vaginal aminopeptidase enzymatic activity of different species was determined spectrofluorometrically. The inhibition of aminopeptidase activity in the presence of bestatin and puromycin inhibitors was also investigated. The results showed the presence of aminopeptidase enzymatic activity in all vaginal homogenates in the order: sheep > guinea-pig > rabbit > or = human > or = rat. Based on the results of the hydrolysis and inhibition of the 4-methoxy-2-naphthylamide substrates, it was difficult to have an exact decision on the aminopeptidase type in the vaginal homogenates from the species studied. It was found that the aminopeptidase activity in rat, rabbit and humans was not statistically different. Therefore, we suggest that rats and rabbits could be used as model animals for vaginal enzymatic activity studies and for determination of the degradation of protein and peptide drugs in the vagina.""",vaginal: anatomical term; aminopeptidase: enzyme; enzymatic: none; activities: none; animals: biological classification; humans: species; aminopeptidaseN: enzyme; leucineaminopeptidase: enzyme; aminopeptidaseA: enzyme; aminopeptidaseB: enzyme; vaginalhomogenates: biological sample; rabbit: species; rat: species; guineapig: species; sheep: species; substrates: chemical compound; 4-methoxy-2-naphthylamide: chemical compound; L-alanine: amino acid; L-leucine: amino acid; L-glutamicacid: amino acid; L-arginine: amino acid; spectrofluorometrically: scientific method; bestatin: chemical inhibitor; puromycin: chemical inhibitor; inhibitors: chemical compound; hydrolysis: chemical process; degradation: chemical process; protein: biomolecule; peptide: biomolecule; drugs: pharmaceutical compound; vagina: anatomical term; model: scientific concept; studies: scientific research
"""SB365, Pulsatilla saponin D suppresses the proliferation of human colon cancer cells and induces apoptosis by modulating the AKT/mTOR signalling pathway. Pulsatilla koreana has been used as a traditional medicine for the treatment of several diseases. The purpose of this study was to determine if SB365, Pulsatilla saponin D isolated from the root of P. koreana inhibits the progression of colon cancer. We found that SB365 strongly suppressed the growth and proliferation of colon cancer cells and induced their apoptosis. Also, SB365 showed anti-angiogenic activity by decreasing the expression of HIF-1α and VEGF. These results were confirmed by an in vivo study showing that SB365 significantly inhibited tumor growth by the induction of apoptosis and inhibition of angiogenesis with stronger anticancer activity than 5-FU. When further examined for its anticancer mechanism, SB365 effectively suppressed the AKT/mTOR pathway both in vitro and in vivo. Taken together, our study demonstrated that SB365 inhibits the AKT/mTOR pathway, leading to the suppression of tumor growth and angiogenesis together with induction of apoptosis. Therefore, SB365 is a good candidate as a natural product for use in the treatment of colon cancer.""",SB365: chemical compound; PulsatillasaponinD: chemical compound; humancolon cancercells: biological entity; apoptosis: biological process; AKT/mTORsignallingpathway: biological pathway; Pulsatillakoreana: plant species; traditionalmedicine: medical practice; diseases: medical condition; root: plant part; P.koreana: plant species; coloncancer: medical condition; anti-angiogenicactivity: biological process; HIF-1α: protein; VEGF: protein; invivostudy: research method; tumorgrowth: biological process; 5-FU: chemical compound; anticancermechanism: biological process; invivo: research method; naturalproduct: product type
"""Gliotransmission and brain glucose sensing: critical role of endozepines. Hypothalamic glucose sensing is involved in the control of feeding behavior and peripheral glucose homeostasis, and glial cells are suggested to play an important role in this process. Diazepam-binding inhibitor (DBI) and its processing product the octadecaneuropeptide (ODN), collectively named endozepines, are secreted by astroglia, and ODN is a potent anorexigenic factor. Therefore, we investigated the involvement of endozepines in brain glucose sensing. First, we showed that intracerebroventricular administration of glucose in rats increases DBI expression in hypothalamic glial-like tanycytes. We then demonstrated that glucose stimulates endozepine secretion from hypothalamic explants. Feeding experiments indicate that the anorexigenic effect of central administration of glucose was blunted by coinjection of an ODN antagonist. Conversely, the hyperphagic response elicited by central glucoprivation was suppressed by an ODN agonist. The anorexigenic effects of centrally injected glucose or ODN agonist were suppressed by blockade of the melanocortin-3/4 receptors, suggesting that glucose sensing involves endozepinergic control of the melanocortin pathway. Finally, we found that brain endozepines modulate blood glucose levels, suggesting their involvement in a feedback loop controlling whole-body glucose homeostasis. Collectively, these data indicate that endozepines are a critical relay in brain glucose sensing and potentially new targets in treatment of metabolic disorders.""",Gliotransmission: biological process; brain: anatomical structure; glucose: chemical compound; endozepines: biochemical substance; hypothalamic: anatomical structure; feeding: biological process; behavior: psychological concept; homeostasis: biological process; glial: cell type; cells: biological entity; Diazepam-bindinginhibitor: none; DBI: biochemical substance; octadecaneuropeptide: biochemical substance; ODN: biochemical substance; astroglia: cell type; anorexigenic: physiological effect; factor: none; rats: organism; expression: biological process; tanycytes: cell type; explants: biological sample; experiments: scientific method; effect: none; administration: medical procedure; antagonist: biochemical substance; response: biological process; agonist: biochemical substance; melanocortin-3/4receptors: none; pathway: biological process; levels: none; feedback: biological process; loop: none; disorders: medical condition
"""Mechanism of the haemostatic effect of ethanolamine oleate in the injection sclerotherapy for oesophageal varices. Changes in coagulation and fibrinolysis were investigated in 20 patients with oesophageal varices, who underwent endoscopic injection sclerotherapy (EIS) with 5 per cent ethanolamine oleate (EO), by means of serial determination of plasma fibrinopeptide A (FPA) and fibrinopeptide B beta 15-42 (B beta 15-42). One hour after the completion of EIS, the value of FPA was significantly increased to 38.1 +/- 11.1 ng/ml (mean +/- s.e.m.) from a pre-EIS value of 7.1 +/- 1.4 ng/ml (P less than 0.01) and it gradually returned to normal range by 48 h after EIS. A very similar change was observed in the value of B beta 15-42 (P less than 0.01). These observations indicated that EIS provokes transient activation of coagulation and fibrinolysis. In vitro studies, however, revealed that EO inhibits fibrin clot formation because of the Ca2+-chelating ability of its constituent ethanolamine, although oleate or benzyl alcohol exhibited procoagulant activity in FPA formation in vitro. Nevertheless, an external application of EO or oleate over decapsulized kidney of rat resulted in a significant accumulation of 125I-labelled fibrin(ogen). From these results it was suggested that intravascular injection of EO, which exerts an inhibitory effect on coagulation in vitro, activates the local coagulation system. The activation may be accelerated by an acute inflammatory process provoked by oleate, which is supported by such clinical manifestations as mild fever, retrosternal pain leukocytosis and an increase in plasma fibrinogen level which was observed in all during the period.""",ethanolamineoleate: chemical compound; injectionsclerotherapy: medical procedure; oesophagealvarices: medical condition; coagulation: biological process; fibrinolysis: biological process; plasmafibrinopeptideA: biological molecule; fibrinopeptideBbeta15-42: biological molecule; EIS: medical procedure; FPA: biological molecule; Bbeta15-42: biological molecule; Ca2+-chelating: chemical property; ethanolamine: chemical compound; oleate: chemical compound; benzylalcohol: chemical compound; fibrinogen: biological molecule; intravascularinjection: medical procedure; inflammatoryprocess: biological process; mildfever: medical symptom; retrosternalpain: medical symptom; leukocytosis: medical condition; plasmafibrinogenlevel: biological measurement
"""Stereospecific inhibition of monoamine uptake transporters by meta-hydroxyephedrine isomers. Meta-hydroxyephedrine (HED) comprises four stereoisomers consisting of two enantiomeric pairs related to ephedrine and pseudoephedrine. HED is transported into adrenergic neurons and radiolabeled HED has been employed in positron emission tomography (PET) to image adrenergic neurons in vivo. To extend structure-activity analyses of binding sites within monoamine transporters and to determine which stereoisomer displayed the best selectivity for PET imaging applications, we tested the HED compounds for their abilities to inhibit [(3)H]neurotransmitter uptake into platelets, transfected cells, and chromaffin vesicles. We hypothesized that the HED compounds would be most potent at the norepinephrine transporter (NET) compared to the serotonin or dopamine transporters and that the 1R diastereomers would be more effective than 1S diastereomers. Supporting the hypotheses, all stereoisomers were most potent at the NET and the 1R,2S stereoisomer was the most potent inhibitor overall. However, the 1S,2R isomer may be preferred for PET applications because of better selectivity among the transporters and reduced neuronal recycling.""",monoamine: chemical compound; meta-hydroxyephedrine: chemical compound; stereoisomers: chemical concept; enantiomericpairs: chemical concept; ephedrine: chemical compound; pseudoephedrine: chemical compound; adrenergicneurons: biological structure; positronemissiontomography: medical imaging technique; PET: medical imaging technique; monoaminetransporters: biological structure; stereoisomer: chemical concept; neurotransmitter: chemical compound; platelets: biological structure; transfectedcells: biological structure; chromaffinvesicles: biological structure; norepinephrinetransporter: biological structure; NET: biological structure; serotonin: chemical compound; dopaminetransporters: biological structure; diastereomers: chemical concept; neuronalrecycling: biological process
"""Hydrogen sulfide as an allosteric modulator of ATP-sensitive potassium channels in colonic inflammation. The ATP-sensitive potassium channel (K(ATP)) in mouse colonic smooth muscle cell is a complex containing a pore-forming subunit (Kir6.1) and a sulfonylurea receptor subunit (SUR2B). These channels contribute to the cellular excitability of smooth muscle cells and hence regulate the motility patterns in the colon. Whole-cell voltage-clamp techniques were used to study the alterations in K(ATP) channels in smooth muscle cells in experimental colitis. Colonic inflammation was induced in BALB/C mice after intracolonic administration of trinitrobenzene sulfonic acid. K(ATP) currents were measured at a holding potential of -60 mV in high K(+) external solution. The concentration response to levcromakalim (LEVC), a K(ATP) channel opener, was significantly shifted to the left in the inflamed smooth-muscle cells. Both the potency and maximal currents induced by LEVC were enhanced in inflammation. The EC(50) values in control were 6259 nM (n = 10) and 422 nM (n = 8) in inflamed colon, and the maximal currents were 9.9 ± 0.71 pA/pF (60 μM) in control and 39.7 ± 8.8 pA/pF (3 μM) after inflammation. As was seen with LEVC, the potency and efficacy of sodium hydrogen sulfide (NaHS) (10-1000 μM) on K(ATP) currents were significantly greater in inflamed colon compared with controls. In control cells, pretreatment with 100 µM NaHS shifted the EC(50) for LEV-induced currents from 2838 (n = 6) to 154 (n = 8) nM. Sulfhydration of sulfonylurea receptor 2B (SUR2B) was induced by NaHS and colonic inflammation. These data suggest that sulfhydration of SUR2B induces allosteric modulation of K(ATP) currents in colonic inflammation.""",Hydrogensulfide: chemical compound; ATP-sensitivepotassiumchannels: protein complex; colonicinflammation: medical condition; K(): none; mouse: organism; colonic: anatomical term; smoothmusclecell: cell type; pore-formingsubunit: protein component; Kir6.1: protein; sulfonylureareceptorsubunit: protein component; SUR2B: protein; cellular: none; motilitypatterns: physiological process; colon: anatomical term; Whole-cellvoltage-clamptechniques: scientific method; experimentalcolitis: medical condition; BALB/Cmice: organism; trinitrobenzenesulfonicacid: chemical compound; K()currents: none; holdingpotential: scientific term; highK()externalsolution: chemical solution; concentrationresponse: scientific term; levcromakalim: chemical compound; LEVC: chemical compound; EC()values: scientific term; control: experimental condition; inflamedcolon: medical condition; maximalcurrents: scientific term; sodiumhydrogensulfide: chemical compound; NaHS: chemical compound; sulfhydration: biochemical process; sulfonylureareceptor2B: protein; data: none; allostericmodulation: biochemical process
