"""The calmodulin regulator protein, PEP-19, sensitizes ATP-induced Ca2+ release.",calmodulin: protein; PEP-19: protein; ATP: molecule; Ca2+: ion
"PEP-19 is a small, intrinsically disordered protein that binds to the C-domain of calmodulin (CaM) via an IQ motif and tunes its Ca(2+) binding properties via an acidic sequence. We show here that the acidic sequence of PEP-19 has intrinsic Ca(2+) binding activity, which may modulate Ca(2+) binding to CaM by stabilizing an initial Ca(2+)-CaM complex or by electrostatically steering Ca(2+) to and from CaM. Because PEP-19 is expressed in cells that exhibit highly active Ca(2+) dynamics, we tested the hypothesis that it influences ligand-dependent Ca(2+) release. We show that PEP-19 increases the sensitivity of HeLa cells to ATP-induced Ca(2+) release to greatly increase the percentage of cells responding to sub-saturating doses of ATP and increases the frequency of Ca(2+) oscillations. Mutations in the acidic sequence of PEP-19 that inhibit or prevent it from modulating Ca(2+) binding to CaM greatly inhibit its effect on ATP-induced Ca(2+) release. Thus, this cellular effect of PEP-19 does not depend simply on binding to CaM via the IQ motif but requires its acidic metal binding domain. Tuning the activities of Ca(2+) mobilization pathways places PEP-19 at the top of CaM signaling cascades, with great potential to exert broad effects on downstream CaM targets, thus expanding the biological significance of this small regulator of CaM signaling.""",PEP-19: protein; protein: biological molecule; C-domain: protein domain; calmodulin: protein; CaM: protein; IQmotif: protein motif; sequence: biological sequence; Ca2+: chemical ion; HeLacells: cell line; ATP: nucleotide; oscillations: biological process; mutations: genetic variation; domain: none; pathways: biological pathway; cascades: signaling cascade; targets: biological target; regulator: none
"""Cynaropicrin from Cynara scolymus L. suppresses photoaging of skin by inhibiting the transcription activity of nuclear factor-kappa B.",Cynaropicrin: chemical compound; Cynarascolymus: plant species; photoaging: biological process; skin: anatomical structure; nuclearfactor-kappaB: protein complex
"Aging of skin is characterized by skin wrinkling, laxity, and pigmentation induced by several environmental stress factors. Histological changes during the photoaging of skin include hyperproliferation of keratinocytes and melanocytes causing skin wrinkles and pigmentation. Nuclear factor kappa B (NF-κB) is one of the representative transcription factors active in conjunction with inflammation. NF-κB is activated by stimulation such as ultraviolet rays and inflammatory cytokines and induces the expression of various genes such as those of basic fibroblast growth factor (bFGF) and matrix metalloprotease-1 (MMP-1). We screened several plant extracts for their possible inhibitory effect on the transcriptional activity of NF-κB. One of them, an extract from Cynara scolymus L., showed a greatest effect on the suppression of NF-κB transactivation. As a result, we found that cynaropicrin, which is a sesquiterpene lactone, inhibited the NF-κB-mediated transactivation of bFGF and MMP-1. Furthermore, it was confirmed that in an in vivo mouse model cynaropicrin prevented skin photoaging processes leading to the hyperproliferation of keratinocytes and melanocytes. These findings taken together indicate that cynaropicrin is an effective antiphotoaging agent that acts by inhibiting NF-κB-mediated transactivation.""",skin: biological structure; photoaging: biological process; keratinocytes: cell type; melanocytes: cell type; NuclearfactorkappaB: protein complex; NF-κB: protein complex; ultravioletrays: environmental factor; cytokines: signaling molecules; genes: genetic material; basicfibroblastgrowthfactor: protein; bFGF: protein; matrixmetalloprotease-1: enzyme; MMP-1: enzyme; plantextracts: natural product; CynarascolymusL: plant species; cynaropicrin: chemical compound; sesquiterpenelactone: chemical compound; mousemodel: experimental model; antiphotoagingagent: therapeutic agent
"""Thalidomide inhibits growth of tumors through COX-2 degradation independent of antiangiogenesis.",Thalidomide: pharmaceutical compound; tumors: medical condition; COX-2: enzyme; antiangiogenesis: biological process
"Thalidomide is an antiangiogenic drug and is clinically useful in a number of cancers. However, the molecular mechanism by which thalidomide exerts its antitumor effects is poorly understood. This study was designed to clarify the relationship between antiangiogenesis and antitumor effects of thalidomide and to explore the molecular mechanism for its antitumor activity. We evaluated the effects of thalidomide on the growth of human tumor cells expressing (MCF-7 and HL-60) or not expressing (HeLa and K562) COX-2 in vitro. We also studied the effects of thalidomide on COX-1, COX-2 or bcl-2 expression, TNFalpha, VEGF, GSH and cytochrome c in these cells. Thalidomide could inhibit tumor growth in a concentration-dependent manner in MCF-7 and HL-60; its IC50s for them were 18.36+/-2.34 and 22.14+/-2.15 microM, respectively, while this effect was not observed in HeLa and K562. Thalidomide reduced COX-2 expression accompanied by a decrease of bcl-2 protein, TNFalpha, VEGF, GSH and an increased cytochrome c, but had no effect on that of COX-1, in MCF-7 and HL-60. Moreover, cells not expressing COX-2 were insensitive to the growth-inhibitory and effects on cytokines of thalidomide. In our mouse xenograft model of OVCAR-3 and HCT-8, we found that thalidomide could decrease intratumoral microvessel density in both tumors; it exerted antitumor effects only on OVCAR-3 expressing COX-2 but did not on HCT-8 not expressing COX-2. Effect of thalidomide on COX-1 and COX-2 in vivo was consistent with that of in vitro. These results demonstrated that thalidomide might inhibit growth of tumors through COX-2 degradation independent of antiangiogenesis.""",Thalidomide: pharmaceutical drug; antiangiogenic: biological process; drug: general term; cancers: medical condition; molecular: none; mechanism: scientific concept; antitumor: biological process; effects: scientific concept; study: scientific research; relationship: scientific concept; antiangiogenesis: biological process; activity: scientific concept; growth: biological process; human: species; tumor: medical condition; cells: biological entity; MCF-7: cell line; HL-60: cell line; HeLa: cell line; K562: cell line; COX-2: protein; vitro: none; COX-1: protein; bcl-2: protein; expression: biological process; TNFalpha: protein; VEGF: protein; GSH: molecule; cytochrome: protein; concentration-dependent: none; manner: none; IC50s: scientific measurement; microM: scientific measurement; protein: biological entity; mouse: species; xenograft: scientific model; model: scientific concept; OVCAR-3: cell line; HCT-8: cell line; intratumoral: none; microvessel: biological structure; density: scientific measurement; tumors: medical condition; degradation: biological process
"""Synthesis, structure-activity relationships, and in vivo efficacy of the novel potent and selective anaplastic lymphoma kinase (ALK) inhibitor 5-chloro-N2-(2-isopropoxy-5-methyl-4-(piperidin-4-yl)phenyl)-N4-(2-(isopropylsulf onyl)phenyl)pyrimidine-2,4-diamine (LDK378) currently in phase 1 and phase 2 clinical trials.","Synthesis: scientific process; structure-activity: scientific concept; relationships: scientific concept; efficacy: scientific concept; anaplasticlymphomakinase: protein; ALK: protein; inhibitor: chemical compound; 5-chloro-N2-()phenyl)-N4-()phenyl)pyrimidine-2,4-diamine: chemical compound; LDK378: drug; phase1: clinical trial phase; phase2: clinical trial phase; clinicaltrials: scientific study"
"The synthesis, preclinical profile, and in vivo efficacy in rat xenograft models of the novel and selective anaplastic lymphoma kinase inhibitor 15b (LDK378) are described. In this initial report, preliminary structure-activity relationships (SARs) are described as well as the rational design strategy employed to overcome the development deficiencies of the first generation ALK inhibitor 4 (TAE684). Compound 15b is currently in phase 1 and phase 2 clinical trials with substantial antitumor activity being observed in ALK-positive cancer patients.""",synthesis: process; preclinical: phase; profile: characteristic; efficacy: characteristic; rat: animal; xenograft: model; models: none; anaplasticlymphomakinase: protein; inhibitor: compound; LDK378: compound; report: document; structure-activityrelationships: concept; SARs: concept; design: process; strategy: concept; development: process; deficiencies: characteristic; generation: phase; ALKinhibitor: compound; TAE684: compound; Compound15b: compound; phase1: phase; phase2: phase; clinicaltrials: process; antitumor: activity; activity: none; ALK-positive: characteristic; cancer: disease; patients: group
"""Coenzyme Q10 protects Pc12 cells from cisplatin-induced DNA damage and neurotoxicity.",CoenzymeQ10: biochemical compound; Pc12: cell line; cisplatin: chemical compound; DNA: biological molecule; neurotoxicity: medical condition
"The purpose of this study was to investigate the neuroprotective effect of a water-soluble formulation of coenzyme Q10 (WS-CoQ10) in PC12 cells exposed to cisplatin, a chemotherapeutic agent with a dose-limiting factor due to neurotoxicity. In the cytokinesis-block micronucleus cytome assay (CBMN Cyt), WS-CoQ10 (at concentrations of 0.1, 0.5 and 1.0μgmL(-1)) protected PC12 cells from cisplatin-induced DNA damage (0.1μgmL(-1)), reducing the frequency of micronuclei (MNi) and nuclear buds (NBUDs). WS-CoQ10 did not alter the mRNA expression levels of Tp53 (at a concentration of 1.0μgmL(-1)) and exhibited neuroprotective activity by stimulating cisplatin-inhibited neurite outgrowth in nerve growth factor (NGF)-differentiated PC12 cells (at a concentration of 0.1μgmL(-1)). In conclusion, WS-CoQ10 protected the PC12 cells from cisplatin-induced DNA damage and neurotoxicity. Moreover, the neuroprotective effects of WS-CoQ10 suggest a possible application in chemotherapeutic protocols.""",study: research activity; neuroprotective: biological property; formulation: pharmaceutical preparation; coenzymeQ10: biochemical compound; WS-CoQ10: biochemical compound; PC12: cell line; cells: biological structure; cisplatin: chemotherapeutic drug; chemotherapeutic: medical treatment; agent: none; neurotoxicity: medical condition; cytokinesis-blockmicronucleocytomeassay: scientific method; CBMNCyt: scientific method; DNA: biological molecule; damage: none; frequency: none; micronuclei: cellular structure; MNi: cellular structure; nuclearbuds: cellular structure; NBUDs: cellular structure; mRNA: biological molecule; expression: none; levels: none; Tp53: gene; activity: none; neurite: cellular structure; outgrowth: biological process; nervegrowthfactor: protein; NGF: protein; protocols: procedural guideline
"""Rosmarinic acid ameliorates acute liver damage and fibrogenesis in carbon tetrachloride-intoxicated mice.",Rosmarinicacid: chemical compound; acuteliverdamage: medical condition; fibrogenesis: biological process; carbontetrachloride: chemical compound; mice: biological organism
"The aim of this study was to investigate the therapeutic potential of rosmarinic acid (RA), a natural phenolic, in the treatment of acute liver toxicity. RA at 10, 25 and 50mg/kg was administered by gavage once daily for 2 consecutive days, 6h after CCl(4) intoxication. CCl(4) intoxication caused hepatic necrosis and increased serum ALT activity. In the livers, oxidative/nitrosative stress was evidenced by increased 3-nitrotyrosine (3-NT) and thiobarbituric acid reactive substances (TBARS) formation and a significant decrease in Cu/Zn superoxide dismutase (SOD) activity. CCl(4) administration triggered inflammatory response in mice livers by activating nuclear factor-kappaB (NF-κB), which coincided with the induction of tumor necrosis factor-alpha (TNF-α) and cyclooxygenase-2 (COX-2). RA improved histological and serum markers of liver damage and significantly ameliorated oxidative/nitrosative stress and inflammatory response in liver tissue. Additionally, RA prevented transforming growth factor-beta1 (TGF-β1) and alpha-smooth muscle actin (α-SMA) expression, suggesting suppression of profibrotic response. Furthermore, RA significantly inhibited the CCl(4)-induced apoptosis, which was evident from decreased cleavage of caspase-3. The hepatoprotective activity of RA coincided with enhanced NF-E2-related factor 2 (Nrf2) and heme oxygenase-1 (HO-1) expression. The results of this study indicates that RA possesses antioxidant, anti-inflammatory, antiapoptotic and antifibrotic activity against acute liver toxicity.""",rosmarinicacid: chemical compound; RA: chemical compound; acutelivertoxicity: medical condition; CCl4: chemical compound; hepaticnecrosis: medical condition; ALT: enzyme; 3-nitrotyrosine: chemical compound; 3-NT: chemical compound; thiobarbituricacidreactivesubstances: chemical compound; TBARS: chemical compound; Cu/Znsuperoxidedismutase: enzyme; SOD: enzyme; nuclearfactor-kappaB: protein complex; NF-κB: protein complex; tumornecrosisfactor-alpha: cytokine; TNF-α: cytokine; cyclooxygenase-2: enzyme; COX-2: enzyme; transforminggrowthfactor-beta1: cytokine; TGF-β1: cytokine; alpha-smoothmuscleactin: protein; α-SMA: protein; caspase-3: enzyme; NF-E2-relatedfactor2: transcription factor; Nrf2: transcription factor; hemeoxygenase-1: enzyme; HO-1: enzyme
"""Exploring the mechanism of agonist efficacy: a relationship between efficacy and agonist dissociation rate at the muscarinic M3 receptor.",mechanism: scientific concept; agonist: biochemical substance; efficacy: scientific concept; relationship: scientific concept; agonistdissociationrate: scientific concept; muscarinicM3receptor: biological structure
"Although there are several empirical approaches that enable the comparison of relative agonist efficacy, the molecular basis that underlies differences in the ability of G protein-coupled receptor agonists to elicit a response is still largely unexplained. Several models have been described that incorporate the kinetics of receptor-mediated initiation of the G protein cycle, but these have not directly addressed the influence of agonist-binding kinetics. To test this, we investigated the relationship between the efficacy of seven M(3) muscarinic receptor agonists and their rate of dissociation (k(off)) from the M(3) receptor. The association and dissociation rate constants of the agonists were determined using a l-[N-methyl]-[(3)H]scopolamine methyl chloride competition binding assay in the presence of GTP. The agonists displayed a range of association and dissociation rates. Relative agonist efficacy was measured at two points after M(3) receptor activation: the stimulation of guanosine 5'-O-(3-[(35)S]thio)triphosphate binding to G alpha subunits, and the subsequent increase in intracellular calcium levels. These experiments revealed a range of intrinsic efficacy, from the low-efficacy pilocarpine and oxotremorine to high-efficacy acetylcholine. There was no relationship between agonist efficacy and the equilibrium binding affinity of each agonist (K(d)). When efficacy was compared with the dissociation rate constant, however, the two were highly correlated, suggesting a relationship between the duration of agonist binding at the receptor and the intrinsic efficacy. These data suggest that kinetic models incorporating the mean lifetime of specific complexes will be required to fully explain the nature of agonist efficacy.""",agonist: chemical compound; efficacy: scientific concept; Gprotein-coupledreceptor: biological structure; agonists: chemical compound; response: scientific concept; models: scientific concept; kinetics: scientific concept; receptor-mediatedinitiation: biological process; Gproteincycle: biological process; agonist-bindingkinetics: scientific concept; relationship: scientific concept; M3muscarinicreceptor: biological structure; rate: scientific concept; dissociation: scientific concept; koff: scientific concept; association: scientific concept; constants: scientific concept; l-[N-methyl]-[()H]scopolaminemethylchloridecompetitionbindingassay: scientific method; GTP: chemical compound; stimulation: biological process; guanosine5'-O-()S]thio)triphosphate: chemical compound; Galphasubunits: biological structure; increase: scientific concept; intracellularcalciumlevels: biological process; experiments: scientific method; intrinsic: scientific concept; pilocarpine: chemical compound; oxotremorine: chemical compound; acetylcholine: chemical compound; equilibrium: scientific concept; affinity: scientific concept; Kd: scientific concept; duration: scientific concept; binding: scientific concept; data: scientific concept; kineticmodels: scientific concept; meanlifetime: scientific concept; complexes: scientific concept; nature: scientific concept
"""The endocrine disrupting chemical tolylfluanid alters adipocyte metabolism via glucocorticoid receptor activation.",tolylfluanid: chemical compound; adipocyte: cell type; metabolism: biological process; glucocorticoid: hormone; receptor: protein; activation: biological process
"Glucocorticoid signaling plays a critical role in regulating energy metabolism. Emerging data implicate environmental endocrine-disrupting chemicals as contributors to the obesity and diabetes epidemics. Previous studies have shown that the phenylsulfamide fungicide tolylfluanid (TF) augments glucocorticoid receptor (GR)-dependent luciferase expression in 3T3-L1 preadipocytes while modulating insulin action in primary murine and human adipocytes. Studies were performed to interrogate glucocorticoid signaling in primary adipocytes exposed to TF. TF mimicked the gene transcription profile of the murine glucocorticoid corticosterone (Cort). Cellular fractionation assays demonstrated that TF treatment promoted the activating serine phosphorylation of GR, augmenting its cytoplasmic-to-nuclear translocation as well as its enrichment at glucocorticoid response elements on the glucocorticoid-induced leucine zipper gene promoter. After acute treatment, Cort or TF promoted insulin receptor substrate-1 (IRS-1) gene and protein expression. Either treatment also enriched GR binding at an identified glucocorticoid response element in the IRS-1 gene. TF or Cort each increased insulin-stimulated lipogenesis, an effect resulting from increased lipogenic gene expression and enhanced insulin-stimulated dephosphorylation of acetyl-coenzyme A carboxylase. The augmentation of insulin-stimulated lipogenesis was mediated through a specific enhancement of Akt phosphorylation at T308. These findings support modulation of IRS-1 levels as a mechanism for glucocorticoid-mediated changes in insulin action in primary adipocytes. Albeit with less affinity than Cort, in silico analysis suggests that TF can interact with the ligand binding pocket of GR. Collectively, these studies identify TF as a structurally unique environmental glucocorticoid. Glucocorticoid signaling may thus represent a novel pathway by which environmental toxicants promote the development of metabolic diseases.""",Glucocorticoid: chemical compound; signaling: biological process; energy: physical quantity; metabolism: biological process; data: none; chemicals: chemical compound; obesity: medical condition; diabetes: medical condition; epidemics: medical event; studies: research activity; phenylsulfamide: chemical compound; fungicide: chemical compound; tolylfluanid: chemical compound; TF: chemical compound; glucocorticoidreceptor: none; GR: protein; luciferase: enzyme; expression: biological process; 3T3-L1: cell line; preadipocytes: cell type; insulin: hormone; action: none; murine: organism descriptor; adipocytes: cell type; Cort: hormone; assays: research activity; serine: amino acid; phosphorylation: biochemical process; translocation: biological process; elements: none; leucine: amino acid; zipper: none; promoter: genetic element; treatment: medical procedure; receptor: protein; substrate-1: protein; IRS-1: protein; protein: biomolecule; binding: biochemical process; element: none; lipogenesis: biological process; gene: genetic element; dephosphorylation: biochemical process; acetyl-coenzymeAcarboxylase: none; augmentation: none; Akt: protein; phosphorylation: biochemical process; T308: amino acid residue; levels: none; mechanism: none; changes: none; action: none; affinity: none; analysis: research activity; pocket: none; toxicants: chemical compound; development: biological process; diseases: medical condition
"""Molecular determinants of inactivation and dofetilide block in ether a-go-go (EAG) channels and EAG-related K(+) channels.",MolecularDeterminants: scientific concept; inactivation: biological process; dofetilide: pharmaceutical drug; block: biological process; etherAGoGo: protein channel; EAG: protein channel; channels: biological structure; EAGRelatedKChannels: protein channel
"The major subunit of the cardiac delayed rectifier current I(Kr) is encoded by the human ether a-go-go related gene (HERG). HERG/I(Kr) channels are blocked selectively by class III antiarrhythmic methanesulfonanilide drugs such as dofetilide. The binding site for methanesulfonanilides is believed to be similar for nonantiarrhythmic drugs such as antihistamines, antibiotics, and antipsychotics. To gain further insight into the binding site, we examined the minimal structural changes necessary to transform low-affinity binding of dofetilide by the related bovine ether a-go-go channel bEAG to high-affinity binding of HERG. Previously, it was shown that high-affinity binding in HERG required intact C-type inactivation; the bovine ether a-go-go K(+) channel (bEAG), unlike HERG, is noninactivating. Therefore, we introduced C-type inactivation into noninactivating bEAG using site-directed mutagenesis. Two point mutations in the pore region, T432S and A443S, were sufficient to produce C-type inactivation. Low concentrations of dofetilide produced block of bEAG T432S/A443S; unlike HERG, block was almost irreversible. Substitution of an additional amino acid in transmembrane domain S6 made the block reversible. Dofetilide blocked the triply mutated bEAG T432S/A443S/A453S with an IC(50) value of 1.1 microM. The blocking potency was 30-fold greater than bEAG WT and about one third that of HERG WT. We conclude that high affinity methanesulfonanilide binding to HERG channels is strongly dependent on C-type inactivation.""",cardiac: biological term; delayedrectifiercurrent: biological process; IKr: biological term; humanetheragogo: gene; HERG: gene; HERGIKr: gene channel; channels: biological structure; classIIIantiarrhythmic: drug category; methanesulfonanilidedrugs: drug category; dofetilide: drug; methanesulfonanilides: chemical compound; nonantiarrhythmicdrugs: drug category; antihistamines: drug category; antibiotics: drug category; antipsychotics: drug category; bindingsite: biological structure; structuralchanges: biological process; lowaffinitybinding: biological process; bovineetheragogo: gene; bEAG: gene channel; highaffinitybinding: biological process; Ctypeinactivation: biological process; bovineetheragogochannel: gene channel; bEAG: gene channel; sitedirectedmutagenesis: scientific technique; pointmutations: genetic alteration; poreregion: biological structure; T432S: genetic mutation; A443S: genetic mutation; concentrations: scientific term; block: biological process; transmembranedomain: biological structure; S6: protein domain; IC50value: scientific term; blockingpotency: scientific term; bEAGWT: gene variant; HERGWT: gene variant; methanesulfonanilidebinding: biological process; HERGchannels: gene channel
"""Cerebral D2 and 5-HT2 receptor occupancy in Schizophrenic patients treated with olanzapine or clozapine.",CerebralD2: receptor; 5-HT2: receptor; Schizophrenic: medical condition; olanzapine: medication; clozapine: medication
"We report the results of a double-blind, randomized prospective trial on D2 and 5-HT2 receptor occupancy and the clinical effects of olanzapine versus clozapine in a sample of neuroleptic-refractory schizophrenic patients. Receptor occupancy was evaluated in different cortical areas and in basal ganglia using [18F] fluoro-ethyl-spiperone ([18F] FESP) and positron emission tomography (PET). A total of 15 neuroleptic-free patients completed the study undergoing a baseline and a post-treatment PET scan (olanzapine, nine patients, one female; clozapine, six patients, three female) 8 weeks after starting treatment. PET data were analysed both by regions of interest and on a voxel-by-voxel basis using Statistical Parametric Mapping (SPM96). Olanzapine and clozapine induced a similar and significant inhibition of [18F] FESP binding index in the cortex. In the basal ganglia, receptor occupancy was significantly higher with olanzapine than with clozapine (p=0.0018). By contrast, no differences in receptor occupancy were detected at the level of the pituitary gland. Clinical outcomes, in particular a full extra pyramidal tolerability, were similar. In this sample of neuroleptic-refractory schizophrenic patients, olanzapine and clozapine showed a different pattern of occupancy of D2-like receptor despite a common lack of extrapyramidal side-effects.""",D2: receptor type; 5-HT2: receptor type; olanzapine: medication; clozapine: medication; neuroleptic-refractory: medical condition; schizophrenic: medical condition; patients: demographic group; receptor: biological component; occupancy: measurement; cortical: anatomical region; areas: none; basal: anatomical region; ganglia: anatomical region; [18F]fluoro-ethyl-spiperone: radioligand; [18F]FESP: radioligand; positron: particle type; emission: process; tomography: imaging technique; PET: imaging technique; StatisticalParametricMapping: analytical method; SPM96: software; cortex: anatomical region; pituitary: anatomical region; gland: anatomical structure; outcomes: result type; tolerability: medical assessment; side-effects: medical assessment
"""A case of therapy-related acute myeloblastic leukemia with t(16;21)(q24;q22) after chemotherapy with DNA-topoisomerase II inhibitors, etoposide and mitoxantrone, and the alkylating agent, cyclophosphamide.",therapy-related: medical condition; acute: medical condition; myeloblastic: medical condition; leukemia: medical condition; t()(): genetic anomaly; chemotherapy: medical treatment; DNA-topoisomeraseIIinhibitors: pharmaceutical category; etoposide: medication; mitoxantrone: medication; alkylatingagent: pharmaceutical category; cyclophosphamide: medication
"A 59-year-old female suffering from malignant lymphoma developed therapy-related acute myeloblastic leukemia (t-AML) after chemotherapy consisting of treatment with DNA-topoisomerase II inhibitors, etoposide and mitoxantrone, and an alkylating agent, cyclophosphamide. The cumulative dose of etoposide administration was 5500 mg; 1500 mg given intravenously and 4000 mg orally. One year later, she suddenly developed AML of FAB M2. Cytogenetic analysis of bone marrow cells revealed deletion of 7q and a rare translocation, t(16;21)(q24;q22). Southern blot analysis of bone marrow cells did not detect rearrangement of the AML1 gene, however, fluorescence in situ hybridization (FISH) analysis of bone marrow cells at interphase and metaphase revealed a translocational splitting between chromosome 21 involving AML1 gene and chromosome 16. These results suggest that the breakpoint is not located in the breakpoint cluster region for t(8;21). The patient was treated with chemotherapy and entered complete remission.""",malignantlymphoma: medical condition; therapy-relatedacutemyeloblasticleukemia: medical condition; t-AML: medical condition; DNA-topoisomeraseIIinhibitors: pharmaceutical agent; etoposide: pharmaceutical agent; mitoxantrone: pharmaceutical agent; cyclophosphamide: pharmaceutical agent; AML: medical condition; FABM2: classification system; cytogeneticanalysis: diagnostic procedure; bonemarrowcells: biological material; deletionof7q: genetic abnormality; translocation: genetic abnormality; t()(): none; Southernblotanalysis: diagnostic procedure; AML1gene: gene; fluorescenceinsituhybridization: diagnostic procedure; FISHanalysis: diagnostic procedure; interphase: cell cycle phase; metaphase: cell cycle phase; chromosome21: chromosome; chromosome16: chromosome; breakpointclusterregion: genetic region; t(): none; chemotherapy: treatment method; completeremission: medical outcome
"""Substrates of IAP ubiquitin ligases identified with a designed orthogonal E3 ligase, the NEDDylator.",IAP: protein family; ubiquitin: protein; ligases: enzyme class; E3: enzyme class; NEDDylator: engineered protein
"Inhibitors of Apoptosis Protein (IAPs) are guardian ubiquitin ligases that keep classic proapoptotic proteins in check. Systematic identification of additional IAP substrates is challenged by the heterogeneity and sheer number of ubiquitinated proteins (>5,000). Here we report a powerful catalytic tagging tool, the NEDDylator, which fuses a NEDD8 E2-conjugating enzyme, Ubc12, to the ubiquitin ligase, XIAP or cIAP1. This permits transfer of the rare ubiquitin homolog NEDD8 to the ubiquitin E3 substrates, allowing them to be efficiently purified for LC-MS/MS identification. We have identified >50 potential IAP substrates of both cytosolic and mitochondrial origin that bear hallmark N-terminal IAP binding motifs. These substrates include the recently discovered protein phosphatase PGAM5, which we show is proteolytically processed, accumulates in cytosol during apoptosis, and sensitizes cells to death. These studies reveal mechanisms and antagonistic partners for specific IAPs, and provide a powerful technology for labeling binding partners in transient protein-protein complexes.""",InhibitorsofApoptosisProtein: protein family; IAPs: protein family; ubiquitin: protein; ligases: enzyme; proapoptotic: protein type; proteins: biomolecule; substrates: biomolecule; NEDDylator: tool; NEDD8: protein homolog; E2-conjugating: enzyme type; enzyme: biomolecule; Ubc12: enzyme; XIAP: protein; cIAP1: protein; homolog: protein type; E3: enzyme type; LC-MS/MS: analytical technique; identification: process; cytosolic: cellular location; mitochondrial: cellular location; motifs: structural feature; phosphatase: enzyme; PGAM5: protein; cytosol: cellular location; apoptosis: biological process; cells: biological unit; death: biological process; mechanisms: biological process; partners: none; technology: tool; complexes: molecular structure
"""Initial human experience with MK-462 (rizatriptan): a novel 5-HT1D agonist.",MK-462: pharmaceutical compound; rizatriptan: pharmaceutical compound; 5-HT1D: receptor type
"AIMS: We evaluated the pharmacokinetics and pharmacodynamics of oral MK-462 in comparison with oral sumatriptan in healthy male volunteers. METHODS: Sixteen healthy male volunteers were studied in a rising, single dose, alternating panel design with eight subjects per panel. Matching placebo was administered to two of eight study subjects at each dose level of MK-462 in a randomized, double-blind fashion. RESULTS: MK-462 was rapidly absorbed with a median tmax of 1.3 h (range 1-3 h) vs a tmax for sumatriptan of 2.5 h (range 1-4 h, P < 0.001). Administration of either MK-462 or sumatriptan produced maximal mean elevations of 5-10 mmHg in systolic and diastolic blood pressures without effect on heart rate; the changes occurred sooner following MK-462, consistent with more rapid absorption. Both MK-462 and sumatriptan provoked mild increases in serum growth hormone without any effect on serum prolactin concentrations. The most commonly reported symptom following MK-462 was drowsiness. CONCLUSIONS: These results indicate that the novel 5-HT1D agonist, MK-462, is rapidly absorbed following oral administration and warrants further investigation of its utility in the treatment of acute migraine.""",MK-462: pharmaceutical compound; sumatriptan: pharmaceutical compound; tmax: pharmacokinetic parameter; systolic: physiological measurement; diastolic: physiological measurement; blood: biological substance; pressures: physiological measurement; heart: biological organ; rate: physiological measurement; serum: biological substance; growth: biological process; hormone: biological substance; serum: biological substance; prolactin: biological substance; concentrations: physiological measurement; symptom: medical term; drowsiness: medical symptom; 5-HT1D: receptor type; agonist: pharmacological agent; migraine: medical condition
"""Protective effect of ganodermanondiol isolated from the Lingzhi mushroom against tert-butyl hydroperoxide-induced hepatotoxicity through Nrf2-mediated antioxidant enzymes.",ganodermanondiol: chemical compound; Lingzhi: medicinal mushroom; tert-butylhydroperoxide: chemical compound; hepatotoxicity: medical condition; Nrf2: protein; antioxidant: biochemical function; enzymes: biological molecules
"Ganodermanondiol, a biologically active compound, was isolated from the Lingzhi mushroom (Ganoderma lucidum). The present study examined the protective effects of ganodermanondiol against tert-butyl hydroperoxide (t-BHP)-induced hepatotoxicity. Ganodermanondiol protected human liver-derived HepG2 cells through nuclear factor-E2-related factor 2 (Nrf2) pathway-dependent heme oxygenase-1 expressions. Moreover, ganodermanondiol increased cellular glutathione levels and the expression of the glutamine-cysteine ligase gene in a dose-dependent manner. Furthermore, ganodermanondiol exposure enhanced the phosphorylation of adenosine monophosphate-activated protein kinase (AMPK) and its upstream kinase activators, LKB1 and Ca(2+)/calmodulin-dependent protein kinase-II (CaMKII). This study indicates that ganodermanondiol exhibits potent cytoprotective effects on t-BHP-induced hepatotoxicity in human liver-derived HepG2 cells, presumably through Nrf2-mediated antioxidant enzymes and AMPK.""",Ganodermanondiol: chemical compound; Lingzhi: biological organism; GanodermaLucidum: biological organism; tert-butylhydroperoxide: chemical compound; t-BHP: chemical compound; hepatotoxicity: medical condition; HepG2: cell line; nuclearfactor-E2-relatedfactor2: protein; Nrf2: protein; hemeoxygenase-1: enzyme; glutathione: chemical compound; glutamine-cysteineligase: enzyme; adenosinemonophosphate-activatedproteinkinase: enzyme; AMPK: enzyme; LKB1: protein; Ca()/calmodulin-dependentproteinkinase-II: enzyme; CaMKII: enzyme
"""Structure-based design, synthesis and evaluation of novel anthra[1,2-d]imidazole-6,11-dione derivatives as telomerase inhibitors and potential for cancer polypharmacology.","Structure-baseddesign: none; synthesis: scientific process; evaluation: scientific process; anthra[1,2-d]imidazole-6,11-dionederivatives: none; telomeraseinhibitors: none; cancerpolypharmacology: none"
"A series of anthra[1,2-d]imidazole-6,11-dione derivatives were synthesized and evaluated for telomerase inhibition, hTERT expression and suppression of cancer cell growth in vitro. All of the compounds tested, except for compounds 4, 7, 16, 24, 27 and 28 were selected by the NCI screening system. Among them, compounds 16, 39, and 40 repressed hTERT expression without greatly affecting cell growth, suggesting for the selectivity toward hTERT expression. Taken together, our findings indicated that the analysis of cytotoxicity and telomerase inhibition might provide information applicable for further developing potential telomerase and polypharmacological targeting strategy.""","anthra[1,2-d]imidazole-6,11-dione: chemical compound; telomerase: enzyme; hTERT: gene; NCI: organization; cytotoxicity: biological process"
"""The effects of tamsulosin, a high affinity antagonist at functional alpha 1A- and alpha 1D-adrenoceptor subtypes.",tamsulosin: pharmaceutical drug; alpha1A-adrenoceptor: protein receptor; alpha1D-adrenoceptor: protein receptor
"1. The actions of the alpha 1-adrenoceptor antagonist tamsulosin have been examined at functional alpha 1-adrenoceptor subtypes and compared with those at the human prostate receptor. 2. At the alpha 1D-adrenoceptors of the rat aorta, tamsulosin acted as a competitive antagonist with a high affinity (pKB = 10.1). 3. At the alpha 1B-adrenoceptor of the rat spleen and rabbit corpus cavernosum penis, tamsulosin again acted as a competitive antagonist but with a significantly lower affinity (pKB = 8.9-9.2). 4. Tamsulosin acted as an unsurmountable antagonist of the alpha 1A-adrenoceptor-mediated responses of the rat and human vas deferens, reducing maximal responses to phenylephrine by 20% and 50%, respectively, at an antagonist concentration of 1 nM. Responses of depolarized (100 mM KCl) rat vas deferens preparations were unaffected by 10 nM tamsulosin but this concentration reduced maximal responses to 5-hydroxytryptamine (5-HT) in this tissue. 5. When longer antagonist incubation periods (> or = 60 min) were used, tamsulosin behaved as a competitive antagonist on the human prostate with a significantly higher affinity (pKB = 10.0) than obtained at the alpha 1B-adrenoceptor. 6. The data demonstrate that tamsulosin is a high affinity antagonist at functional alpha 1-adrenoceptors with a selectivity alpha 1D > or = alpha 1A > alpha 1B. In some tissues the compound exhibits an additional unsurmountable antagonist action, the clinical significance of which is unknown.""",alpha1-adrenoceptor: receptor type; tamsulosin: pharmaceutical compound; alpha1D-adrenoceptors: receptor subtype; rat: animal species; aorta: anatomical structure; alpha1B-adrenoceptor: receptor subtype; spleen: anatomical structure; rabbit: animal species; corpuscavernosumpenis: anatomical structure; alpha1A-adrenoceptor: receptor subtype; vasdeferens: anatomical structure; phenylephrine: pharmaceutical compound; KCl: chemical compound; 5-hydroxytryptamine: neurotransmitter; 5-HT: neurotransmitter; prostate: anatomical structure; data: none
"""The synaptic vesicle protein SV2A is the binding site for the antiepileptic drug levetiracetam.",SV2A: protein; levetiracetam: drug
"Here, we show that the synaptic vesicle protein SV2A is the brain binding site of levetiracetam (LEV), a new antiepileptic drug with a unique activity profile in animal models of seizure and epilepsy. The LEV-binding site is enriched in synaptic vesicles, and photoaffinity labeling of purified synaptic vesicles confirms that it has an apparent molecular mass of approximately 90 kDa. Brain membranes and purified synaptic vesicles from mice lacking SV2A do not bind a tritiated LEV derivative, indicating that SV2A is necessary for LEV binding. LEV and related compounds bind to SV2A expressed in fibroblasts, indicating that SV2A is sufficient for LEV binding. No binding was observed to the related isoforms SV2B and SV2C. Furthermore, there is a high degree of correlation between binding affinities of a series of LEV derivatives to SV2A in fibroblasts and to the LEV-binding site in brain. Finally, there is a strong correlation between the affinity of a compound for SV2A and its ability to protect against seizures in an audiogenic mouse animal model of epilepsy. These experimental results suggest that SV2A is the binding site of LEV in the brain and that LEV acts by modulating the function of SV2A, supporting previous indications that LEV possesses a mechanism of action distinct from that of other antiepileptic drugs. Further, these results indicate that proteins involved in vesicle exocytosis, and SV2 in particular, are promising targets for the development of new CNS drug therapies.""",synapticvesicleproteinSV2A: protein; levetiracetam: pharmaceutical compound; LEV: pharmaceutical compound; antiepilepticdrug: pharmaceutical category; activityprofile: none; animalmodels: experimental method; seizure: medical condition; epilepsy: medical condition; LEV-bindingsite: biological structure; synapticvesicles: cellular component; photoaffinitylabeling: experimental technique; molecularmass: scientific measurement; kDa: scientific unit; brainmembranes: biological structure; mice: organism; SV2A: protein; tritiatedLEVderivative: chemical compound; fibroblasts: cell type; SV2B: protein; SV2C: protein; bindingaffinities: scientific measurement; LEVderivatives: chemical compound; audiogenicmouseanimalmodel: experimental method; CNSdrugtherapies: medical treatment; vesicleexocytosis: biological process
"""Minor Compensatory Changes in SAGE Mdr1a (P-gp), Bcrp, and Mrp2 Knockout Rats do not Detract from their General Utility in the Study of Transporter-mediated Pharmacokinetics.",SAGE: organization; Mdr1a: gene; P-gp: protein; Bcrp: protein; Mrp2: protein; Knockout: none; Rats: animal; Transporter-mediated: none; Pharmacokinetics: scientific field
"Mdr1a-, Bcrp-, and Mrp2-knockout rats are a more practical species for ADME studies than murine models and previously demonstrated expected alterations in pharmacokinetics of various probe substrates. At present, gene expression and pathology changes were systematically studied in small intestine, liver, kidney, and brain tissue from male SAGE Mdr1a-, Bcrp-, and Mrp2-knockout rats versus wild-type Sprague Dawley controls. Gene expression data supported the relevant knockout genotype. As expected, Mrp2-knockout rats were hyperbilirubinemic and exhibited upregulation of hepatic Mrp3. Overall, few alterations were observed within 112 ADME-relevant genes. The two potentially most consequential changes were upregulation of intestinal carboxylesterase in Mdr1a-knockouts and catechol-O-methyltransferase in all tissues of Bcrp-knockout rats. Previously reported upregulation of hepatic Mdr1b P-glycoprotein in proprietary Wistar Mdr1a-knockout rats was not observed in the SAGE counterpart investigated herein. Relative liver and kidney weights were 22-53% higher in all three knockouts, with microscopic increases in hepatocyte size in Mdr1a- and Mrp2-knockout rats, and glomerular size in Bcrp- and Mrp2-knockouts. Increased relative weight of clearing organs is quantitatively consistent with reported increases in clearance of drugs that are not substrates of the knocked-out transporter. Overall, SAGE knockout rats demonstrated modest compensatory changes, which do not preclude their general application to study transporter-mediated pharmacokinetics. However, until future studies elucidate the magnitude of functional change, caution is warranted in rare instances of extensive metabolism by catechol-O-methyltransferase in Bcrp-knockouts and intestinal carboxylesterase in Mdr1a-knockout rats, specifically for molecules with free catechol groups and esters subject to gut wall hydrolysis.""",Mdr1a-knockout: animal model; Bcrp-knockout: animal model; Mrp2-knockout: animal model; ADME: scientific concept; pharmacokinetics: scientific concept; SAGE: organization; SpragueDawley: animal strain; Mrp3: protein; carboxylesterase: enzyme; catechol-O-methyltransferase: enzyme; Mdr1b: protein; P-glycoprotein: protein; Wistar: animal strain; hepatocyte: cell type; glomerular: anatomical structure; catechol: chemical compound; esters: chemical compound
"""Transcriptional regulation of human ferredoxin 1 in ovarian granulosa cells.",Transcriptional: biological process; regulation: biological process; human: species; ferredoxin1: protein; ovarian: anatomical location; granulosa: cell type; cells: biological structure
"Ferredoxin 1 (FDX1; adrenodoxin) is an iron-sulfur protein that is involved in various metabolic processes, including steroid hormone synthesis in mammalian tissues. We investigated the transcriptional regulation of FDX1 in ovarian granulosa cells. Previously, we reported that the NR5A family, including steroidogenic factor-1 (SF-1) and liver receptor homolog-1 could induce differentiation of human mesenchymal stem cells (hMSCs) into steroidogenic cells. A ChIP assay showed that SF-1 could bind to the FDX1 promoter in differentiated hMSCs. Luciferase reporter assays showed that transcription of FDX1 was synergistically activated by the NR5A family and 8Br-cAMP treatment through two SF-1 binding sites and a CRE-like sequence in a human ovarian granulosa cell line, KGN. Knockdown of FDX1 attenuated progesterone production in KGN cells. These results indicate transcription of FDX1 is regulated by the NR5A family and cAMP signaling, and participates in steroid hormone production in ovarian granulosa cells.""",Ferredoxin1: protein; FDX1: protein; adrenodoxin: protein; iron-sulfur: chemical compound; steroid: biochemical compound; hormone: biochemical compound; mammalian: biological classification; NR5A: protein family; steroidogenicfactor-1: protein; SF-1: protein; liverreceptorhomolog-1: protein; humanmesenchymalstemcells: cell type; hMSCs: cell type; ChIP: experimental technique; FDX1promoter: genetic element; luciferasereporter: experimental technique; 8Br-cAMP: chemical compound; CRE-like: genetic element; KGN: cell line; progesterone: hormone; cAMP: biochemical compound; ovarian: anatomical location; granulosa: cell type
"""The role of mitochondria and biotransformation in abamectin-induced cytotoxicity in isolated rat hepatocytes.",mitochondria: cellular organelle; biotransformation: biological process; abamectin: chemical compound; cytotoxicity: biological effect; hepatocytes: cell type; rat: animal species
"Abamectin (ABA), which belongs to the family of avermectins, is used as a parasiticide; however, ABA poisoning can impair liver function. In a previous study using isolated rat liver mitochondria, we observed that ABA inhibited the activity of adenine nucleotide translocator and FoF1-ATPase. The aim of this study was to characterize the mechanism of ABA toxicity in isolated rat hepatocytes and to evaluate whether this effect is dependent on its metabolism. The toxicity of ABA was assessed by monitoring oxygen consumption and mitochondrial membrane potential, intracellular ATP concentration, cell viability, intracellular Ca(2+) homeostasis, release of cytochrome c, caspase 3 activity and necrotic cell death. ABA reduces cellular respiration in cells energized with glutamate and malate or succinate. The hepatocytes that were previously incubated with proadifen, a cytochrome P450 inhibitor, are more sensitive to the compound as observed by a rapid decrease in the mitochondrial membrane potential accompanied by reductions in ATP concentration and cell viability and a disruption of intracellular Ca(2+) homeostasis followed by necrosis. Our results indicate that ABA biotransformation reduces its toxicity, and its toxic action is related to the inhibition of mitochondrial activity, which leads to decreased synthesis of ATP followed by cell death.""",Abamectin: chemical compound; ABA: chemical compound; avermectins: chemical family; parasiticide: chemical function; liver: biological organ; mitochondria: cellular organelle; adenine: chemical compound; nucleotide: chemical compound; translocator: protein function; FoF1-ATPase: enzyme complex; hepatocytes: cell type; metabolism: biological process; oxygen: chemical element; consumption: biological process; membrane: cellular structure; potential: physical property; ATP: chemical compound; concentration: physical property; viability: biological state; Ca(): chemical element; homeostasis: biological process; cytochrome: protein; caspase3: enzyme; necrosis: biological process; respiration: biological process; glutamate: chemical compound; malate: chemical compound; succinate: chemical compound; proadifen: chemical compound; cytochromeP450: enzyme; biotransformation: biological process; synthesis: biological process; death: biological state
"""Antioxidant and Anti-inflammatory Meroterpenoids from the Brown Alga Cystoseira usneoides.",Antioxidant: chemical compound; Anti-inflammatory: chemical property; Meroterpenoids: chemical compound; BrownAlga: biological organism; Cystoseirausneoides: biological species
"A chemical study of the alga Cystoseira usneoides has led to the isolation of six new meroterpenoids, cystodiones A-F (1-6), together with six known related compounds (7-12). The structures of the new metabolites have been established by spectroscopic techniques. In antioxidant assays all of the tested meroterpenes, and in particular cystodiones A (1) and B (2), 6-cis-amentadione-1'-methyl ether (7), and amentadione-1'-methyl ether (8), exhibited strong radical-scavenging activity. In anti-inflammatory assays, usneoidone Z (11) and its corresponding 6E isomer (12) showed significant activity as inhibitors of the production of the proinflammatory cytokine TNF-α in LPS-stimulated THP-1 human macrophages.""",Cystoseirausneoides: alga species; meroterpenoids: chemical compounds; cystodionesA: chemical compound; cystodionesB: chemical compound; cystodionesC: chemical compound; cystodionesD: chemical compound; cystodionesE: chemical compound; cystodionesF: chemical compound; 6-cis-amentadione-1'-methylether: chemical compound; amentadione-1'-methylether: chemical compound; usneoidoneZ: chemical compound; 6Eisomer: chemical compound; TNF-α: cytokine; LPS: bacterial component; THP-1: cell line; macrophages: cell type
"""Preferential cerebrospinal fluid acetylcholinesterase inhibition by rivastigmine in humans.",cerebrospinalfluid: biological substance; acetylcholinesterase: enzyme; rivastigmine: pharmaceutical drug; humans: species
"This study sought to examine the feasibility of prolonged assessment of acetylcholinesterase (AChE) activity in the cerebrospinal fluid (CSF) of volunteers and to test the hypothesis that rivastigmine (ENA-713; Exelon, Novartis Pharma AG, Basel, Switzerland) selectively inhibits AChE in CSF in humans at a dose producing minimal inhibition of the peripheral enzyme. Lumbar CSF samples were collected continuously (0.1 mL x min(-1)) for 49 hours from eight healthy volunteers who took either placebo or a single oral dose of rivastigmine (3 mg). CSF specimens and samples of blood cells and blood plasma were analyzed at intervals for rivastigmine and its metabolite NAP 226-90 ([-] [3-([1-dimethylaminolethyl)-phenol]), erythrocyte AChE activity, CSF AChE activity, and plasma and CSF butyrylcholinesterase (BuChE) activity. Safety evaluations were performed 23 hours after drug dosing and at the end of the study. Evaluable data were obtained from six subjects. The mean time to maximal rivastigmine plasma concentration (tmax) was 0.83 +/- 0.26 hours, the mean maximal plasma concentration (Cmax) was 4.88 +/- 3.82 ng x mL(-1), the mean plasma area under the concentration versus time curve (AUC0-infinity) was 7.43 +/- 4.74 ng x hr x mL(-1), and the mean plasma t1/2 was 0.85 +/- 0.115 hours. The concentration of rivastigmine in CSF was lower than the quantification limit for assay (0.65 ng x mL(-1)), but NAP 226-90 reached a mean Cmax of 3.14 +/- 0.57 ng x mL(-1). Only minimal inhibition of erythrocyte AChE activity (approximately 3%) was observed. Inhibition of AChE in the CSF after rivastigmine administration was significantly greater than after placebo for up to 8.4 hours after the dose and was maximal (40%) at 2.4 hours. Plasma BuChE activity was significantly lower after rivastigmine than after placebo, but this was not clinically relevant. BuChE activity in CSF was significantly lower after rivastigmine than after placebo for up to 3.6 hours after dosing, but this difference was not sustained. This study confirms the feasibility of using continuous measurement of AChE activity in CSF over prolonged periods, that rivastigmine markedly inhibits CSF AChE after a single oral dose of 3 mg, and that the inhibition of central AChE is substantially greater than that of peripheral AChE or BuChE.""",acetylcholinesterase: enzyme; AChE: enzyme; cerebrospinalfluid: biological fluid; CSF: biological fluid; rivastigmine: pharmaceutical drug; ENA-713: pharmaceutical drug; Exelon: pharmaceutical drug; NovartisPharmaAG: company; Basel: geographical location; Switzerland: country; NAP226-90: chemical compound; erythrocyte: cell type; plasma: biological fluid; butyrylcholinesterase: enzyme; BuChE: enzyme; tmax: pharmacokinetic parameter; Cmax: pharmacokinetic parameter; AUC0-infinity: pharmacokinetic parameter; t1/2: pharmacokinetic parameter; placebo: pharmaceutical substance; volunteers: human subjects; humans: species; study: research activity
"""Neurochemical effects of the monoamine oxidase inhibitor phenelzine on brain GABA and alanine: A comparison with vigabatrin.",Neurochemical: scientific concept; monoamineoxidaseinhibitor: pharmaceutical compound; phenelzine: pharmaceutical compound; brain: biological organ; GABA: neurotransmitter; alanine: amino acid; vigabatrin: pharmaceutical compound
"PURPOSE: To compare phenelzine (PLZ), an antidepressant drug with anxiolytic properties which inhibits monoamine oxidase (MAO) but also elevates rat brain levels of the amino acids ?-aminobutyric acid (GABA) and alanine (ALA), with vigabatrin (VIG), an anticonvulsant which elevates brain GABA by inhibition of GABA transaminase (GABA-T), with regard to their actions on brain levels of GABA and ALA and on activities of MAO, GABA-T and ALA transaminase (ALA-T). METHODS: Male rats were administered PLZ (10 mg/kg) or VIG (1,000 mg/kg) i.p., and the rats were euthanized 4 hours later and the brains removed for analysis of levels of GABA and ALA (by electron capture gas chromatography after derivatization) and activities of MAO, GABA-T and ALA-T (radiochemical assays). RESULTS: Both PLZ and VIG inhibited GABA-T and elevated GABA levels. Only PLZ inhibited MAO and ALA-T and elevated ALA levels. The effects of PLZ on both amino acids and their transaminases were blocked by pre-treatment with the MAO inhibitor tranylcypromine. This pretreament had no effect on the inhibition of GABA-T or the elevation of brain GABA levels produced by VIG. CONCLUSIONS: At the doses studied, PLZ was as effective as VIG at elevating brain GABA levels, but, unlike VIG, also inhibited MAO and ALA-T (and increased brain ALA levels). Pretreatment of rats with the MAO inhibitor tranylcypromine prevented the increase in brain GABA and ALA levels with PLZ, but did not block the effect of VIG on GABA. These observations with tranylcypromine and PLZ support the hypothesis that an active metabolite of PLZ produced by the actions of MAO on this drug plays a major role in its GABA- and ALA-elevating actions.""",phenelzine: pharmaceutical drug; PLZ: pharmaceutical drug; antidepressant: drug category; anxiolytic: drug category; monoamineoxidase: enzyme; MAO: enzyme; rat: animal; brain: organ; aminoacids: biochemical compound; GABA: neurotransmitter; alanine: amino acid; ALA: amino acid; vigabatrin: pharmaceutical drug; VIG: pharmaceutical drug; anticonvulsant: drug category; GABAtransaminase: enzyme; GABA-T: enzyme; ALAtransaminase: enzyme; ALA-T: enzyme; methods: none; rats: animal; mg/kg: measurement unit; i.p.: administration route; hours: time unit; brains: organ; analysis: none; electroncapturegaschromatography: analytical technique; derivatization: chemical process; radiochemicalassays: analytical technique; results: none; pretreatment: none; tranylcypromine: pharmaceutical drug; conclusions: none; doses: none; metabolite: biochemical compound; actions: none
"""Jostling for position: optimizing linker location in the design of estrogen receptor-targeting PROTACs.",linker: chemical component; estrogenreceptor: biological target; PROTACs: therapeutic agent
"Estrogen receptor-alpha (ER) antagonists have been widely used for breast cancer therapy. Despite initial responsiveness, hormone-sensitive ER-positive cancer cells eventually develop resistance to ER antagonists. It has been shown that in most of these resistant tumor cells, the ER is expressed and continues to regulate tumor growth. Recent studies indicate that tamoxifen initially acts as an antagonist, but later functions as an ER agonist, promoting tumor growth. This suggests that targeted ER degradation may provide an effective therapeutic approach for breast cancers, even those that are resistant to conventional therapies. With this in mind, we previously demonstrated that proteolysis targeting chimeras (PROTACs) effectively induce degradation of the ER as a proof-of-concept experiment. Herein we further refined the PROTAC approach to target the ER for degradation. The ER-targeting PROTACs are composed of an estradiol on one end and a hypoxia-inducing factor 1alpha (HIF-1alpha)-derived synthetic pentapeptide on the other. The pentapeptide is recognized by an E3 ubiquitin ligase called the von Hippel Lindau tumor suppressor protein (pVHL), thereby recruiting the ER to this E3 ligase for ubiquitination and degradation. Specifically, the pentapeptide is attached at three different locations on estradiol to generate three different PROTAC types. With the pentapeptide linked through the C7alpha position of estradiol, the resulting PROTAC shows the most effective ER degradation and highest affinity for the estrogen receptor. This result provides an opportunity to develop a novel type of ER antagonist that may overcome the resistance of breast tumors to conventional drugs such as tamoxifen and fulvestrant (Faslodex).""",Estrogenreceptor-alpha: protein; ER: protein; breastcancer: disease; ERantagonists: drug class; tamoxifen: drug; ERagonist: drug class; PROTACs: therapeutic approach; estradiol: compound; hypoxia-inducingfactor1alpha: protein; HIF-1alpha: protein; pentapeptide: peptide; E3ubiquitinligase: enzyme; vonHippelLindautumorsuppressorprotein: protein; pVHL: protein; C7alpha: chemical position; fulvestrant: drug; Faslodex: drug
"""Cytochrome p450-mediated changes in oxycodone pharmacokinetics/pharmacodynamics and their clinical implications.",CytochromeP450: enzyme; oxycodone: pharmaceutical drug; pharmacokinetics: scientific concept; pharmacodynamics: scientific concept; implications: none
"In recent years the use of the opioid oxycodone has increased markedly and replacing morphine as the first-line choice of opioid in several countries. There are formulations for oral immediate, oral extended release and intravenous use. The bioavailability is higher than for morphine and less variable. Oxycodone is primarily metabolized in the liver by the cytochrome P450 (CYP) enzymes with CYP3A as the major metabolic pathway and CYP2D6 as the minor metabolic pathway to noroxycodone, oxymorphone and noroxymorphone. Oxycodone exerts its analgesic effect via the µ-opioid receptor. The metabolism of CYP2D6 substrates varies to a large degree between individuals as a result of allele functionality. Poor metabolizers (PM) have two non-functional alleles, extensive metabolizers (EM) are homozygous with two functional alleles or heterozygous with one functional allele and ultrarapid metabolizers (UM) have more than two functional alleles. There are pronounced interethnic differences in the allele distribution. On the basis of studies performed thus far, oxycodone concentrations in comparison with EM are similar in PM and reduced in UM. The pharmacokinetics in UM are insufficiently investigated. Simultaneous inhibition of both CYP3A and CYP2D6 results in increased oxycodone concentrations and such a combination should be avoided. A similar effect is to be expected with use of a CYP3A inhibitor in CYP2D6 PM. Concomitant use of enzyme inducers such as rifampicin, St John's wort and carbamazepine should be avoided because of the risk of subtherapeutic concentrations of oxycodone. When the dosage of morphine may result in unpredictable bioavailability, like in patients with severe hepatic cirrhosis, oxycodone might be beneficial because it has higher and less variability in bioavailability between patients than morphine.""",oxycodone: pharmaceutical drug; morphine: pharmaceutical drug; bioavailability: pharmacokinetic property; liver: biological organ; cytochromeP450: enzyme family; CYP3A: enzyme; CYP2D6: enzyme; noroxycodone: metabolite; oxymorphone: metabolite; noroxymorphone: metabolite; µ-opioidreceptor: biological receptor; allele: genetic variant; functionality: genetic characteristic; metabolizers: pharmacogenetic classification; PM: pharmacogenetic classification; EM: pharmacogenetic classification; UM: pharmacogenetic classification; interethnic: demographic characteristic; oxycodoneconcentrations: pharmacokinetic measurement; pharmacokinetics: scientific field; rifampicin: pharmaceutical drug; StJohn'swort: herbal supplement; carbamazepine: pharmaceutical drug; hepaticcirrhosis: medical condition
